Claerness, Global Horizontal Irradiation (kW/m^2/day) (Actual),Voltage_W,Current_W,Voltage_E,Current_E
0.56,353.06,14.8,0.01,12,0.04
0.52,345.83,15.3,0.08,11.9,0.07
0.47,353.7,17.1,0.06,12.4,0.04
0.56,335.98,15.9,0.02,12.8,0.05
0.52,340.58,15.3,0.04,11.3,0.07
0.45,340.58,15.6,0.03,10.2,0.04
0.51,343.4,16.1,0.06,14.5,0.04
0.58,332.42,15.3,0.05,12.5,0.06
0.52,341.88,14.8,0.05,14.5,0.07
0.19,380.22,15.8,0.01,13.6,0.04
0.48,352.95,17,0.06,14,0.06
0.47,340.66,14.4,0.01,12.4,0.07
0.52,315.84,17.3,0.01,12.8,0.06
0.59,302.01,15.3,0.06,11.2,0.06
0.59,301.03,17.1,0.04,14.2,0.06
0.6,310.23,14.3,0.07,12,0.04
0.55,327.49,17.2,0.09,13.3,0.06
0.52,335.09,17.7,0.02,12.8,0.07
0.59,324.23,15.3,0.01,14.4,0.07
0.61,329.52,16.8,0.05,12.9,0.05
0.6,319.43,16.2,0.07,13.2,0.04
0.62,312.6,16.4,0.04,9.8,0.04
0.59,323.95,16.2,0.08,12.5,0.06
0.56,334.45,15,0.05,11.3,0.04
0.6,334.77,17.6,0.05,13.3,0.07
0.62,350.53,15.4,0.05,14,0.06
0.38,376.13,17.3,0.09,10.5,0.04
0.5,356.16,14.6,0.06,11.6,0.05
0.64,322.98,16.9,0.09,14.2,0.06
0.58,331.5,14.9,0.09,10.9,0.06
0.52,339.2,16.2,0.01,14.3,0.07
0.52,342.9,17.5,0.08,9.9,0.04
0.49,352.29,17.3,0.04,12.1,0.05
0.48,342.15,14.5,0.06,10.9,0.04
0.53,341.49,17.4,0.07,13.8,0.04
0.6,338.46,15.8,0.07,12.5,0.06
0.62,342.91,15.5,0.05,11.7,0.06
0.59,348.5,14,0.07,11.7,0.06
0.64,320.81,14.5,0.07,12.2,0.06
0.66,326.28,15.2,0.08,14.4,0.07
0.58,346.44,15,0.01,12.3,0.07
0.48,360.82,16.9,0.01,12.3,0.04
0.44,370.16,15.6,0.09,11.5,0.06
0.44,376.72,16.5,0.09,9.9,0.04
0.44,375.16,16.3,0.05,14.2,0.06
0.54,353.55,15.1,0.07,13.8,0.06
0.59,345.35,15.9,0.02,12.1,0.06
0.55,357.13,15.2,0.02,11.5,0.06
0.48,376.34,14.3,0.09,11.3,0.05
0.37,396.82,14.1,0.08,13,0.06
0.34,397.01,16.4,0.04,13.5,0.04
0.53,383,16,0.05,10.1,0.07
0.59,379.53,14.4,0.07,13.4,0.05
0.59,367.83,15.9,0.07,13.9,0.04
0.7,328.89,17,0.02,11.3,0.04
0.7,317.98,16.5,0.05,13.4,0.05
0.66,328.01,17.1,0.07,12,0.06
0.65,337.49,17.4,0.05,14.1,0.05
0.66,339.57,15.8,0.05,13.8,0.07
0.64,343.72,15.7,0.01,14,0.07
0.62,357.02,17,0.03,14.1,0.04
0.55,371.7,15.1,0.06,11.4,0.06
0.45,395.23,15.3,0.06,13.1,0.04
0.45,401.66,17.3,0.07,14.2,0.07
0.57,373.29,15.1,0.09,11.8,0.04
0.62,354.6,14.2,0.09,11.1,0.06
0.17,402.1,14.3,0.01,10.4,0.05
0.35,404.63,14.5,0.03,13.5,0.07
0.33,421.57,15,0.01,10,0.06
0.37,415.98,16.6,0.09,12.3,0.06
0.48,384.37,16.7,0.04,14.2,0.07
0.67,335.52,16.1,0.01,11.7,0.06
0.66,346.54,17.1,0.08,11.1,0.05
0.66,337.95,14,0.07,13.9,0.07
0.69,333.49,14.9,0.07,13,0.06
0.65,353.38,15.2,0.03,10.6,0.04
0.54,372.34,15.1,0.03,13.8,0.06
0.53,391.16,17.3,0.09,11.4,0.04
0.48,387.77,17.4,0.08,10,0.04
0.58,368.12,15.2,0.03,13.5,0.07
0.55,382.68,17.1,0.08,13.9,0.04
0.55,392.91,17.5,0.06,11.7,0.05
0.5,414.51,14,0.09,14.5,0.06
0.53,411.2,15.9,0.09,11.6,0.05
0.38,432.68,14.6,0.09,13,0.05
0.54,421.46,16.6,0.04,11.2,0.04
0.51,432.9,14.4,0.06,14.4,0.05
0.43,440.67,17.1,0.09,11.1,0.04
0.61,421.11,16.5,0.07,10.5,0.07
0.59,431.17,14.8,0.06,10.7,0.04
0.6,428.46,17.2,0.05,14.1,0.04
0.58,428.24,14,0.04,10.7,0.06
0.58,422.15,16.9,0.07,11,0.04
0.51,424.62,15.3,0.04,10.3,0.05
0.34,436.52,14.1,0.03,10.6,0.06
0.32,437.73,14.3,0.03,12.1,0.07
0.43,434.41,16.8,0.08,13.4,0.05
0.48,432.02,14.4,0.09,14.2,0.06
0.56,422.74,16.9,0.08,13.8,0.07
0.65,395.93,15.2,0.01,12.5,0.04
0.72,363.43,17.2,0.06,9.8,0.07
0.66,388.48,14.9,0.09,14.1,0.06
0.62,401.89,15.3,0.03,12.6,0.04
0.59,399.95,17.7,0.01,11.4,0.06
0.59,404.86,15.8,0.04,14.1,0.06
0.54,411.69,14.6,0.06,10.2,0.06
0.67,402.17,14.6,0.02,13.7,0.06
0.53,428.77,17.1,0.04,11.8,0.06
0.39,442.75,15.5,0.06,10.4,0.05
0.45,431.17,16.7,0.05,13.4,0.05
0.45,440.13,17.4,0.08,10.9,0.05
0.38,440.72,16.8,0.02,11.3,0.04
0.34,441.04,14.7,0.02,10.1,0.05
0.46,440.31,16.8,0.07,12.6,0.07
0.59,433.18,16.6,0.06,14.5,0.04
0.57,427.66,14.3,0.04,10.8,0.04
0.55,435.16,14.8,0.01,12.1,0.07
0.59,428.7,14.8,0.04,10.7,0.07
0.59,431.21,15.6,0.07,10.9,0.07
0.5,437.32,16.8,0.04,13.1,0.07
0.44,428.77,16.6,0.05,9.7,0.07
0.58,414.92,14.5,0.07,10,0.07
0.61,419.82,15.5,0.07,12.5,0.07
0.57,423.38,16.4,0.03,9.9,0.06
0.55,437.32,16.6,0.02,11.6,0.04
0.53,438.15,15.4,0.04,13.5,0.07
0.55,426.52,14.1,0.06,10.8,0.04
0.55,426.36,16.5,0.02,14.3,0.07
0.37,425.51,16.3,0.05,13.1,0.04
0.53,419.35,16.5,0.06,10.3,0.05
0.58,429.05,14,0.01,13.8,0.04
0.62,429.45,14.5,0.03,13.2,0.06
0.45,446.05,16.9,0.05,11.6,0.04
0.52,437.38,17.2,0.07,14,0.04
0.48,439.53,16.1,0.01,10,0.04
0.55,428.95,15.9,0.06,12.2,0.04
0.45,438.41,14.1,0.06,10.6,0.04
0.53,435.42,16.9,0.05,11.8,0.07
0.59,443.58,17.1,0.08,13.4,0.05
0.59,439.66,14.3,0.09,9.8,0.07
0.61,441.5,14,0.09,11.5,0.07
0.55,448.02,17.6,0.02,12.5,0.05
0.53,448.23,14,0.08,11.2,0.07
0.49,447.11,16.8,0.01,10.1,0.06
0.59,440.63,17.2,0.05,12.4,0.06
0.51,442.11,15.3,0.08,11.8,0.04
0.59,435.33,15.9,0.05,11.3,0.05
0.52,441.77,15.8,0.01,13.3,0.06
0.54,438.05,17.4,0.08,14.1,0.07
0.39,445.73,16.7,0.02,12.3,0.05
0.41,444.55,14.9,0.09,13.7,0.06
0.45,448.83,14.5,0.07,12.1,0.07
0.48,443.2,14.5,0.09,9.7,0.06
0.6,436.34,17.8,0.03,12.5,0.06
0.55,446.27,15.1,0.05,13.9,0.07
0.26,454.06,14.9,0.02,12.2,0.06
0.51,439.26,15.4,0.04,10.5,0.07
0.55,439.56,14.8,0.05,10.3,0.07
0.54,441.88,14.1,0.04,13.4,0.04
0.41,443.32,17.8,0.07,10.9,0.07
0.54,438.43,15.9,0.06,10.7,0.07
0.39,440.77,16.3,0.02,11.1,0.04
0.34,440.79,15.2,0.07,10.1,0.07
0.45,441.82,15,0.06,11.8,0.05
0.48,442.93,15.5,0.01,9.8,0.06
0.45,446.37,14.5,0.02,11.9,0.05
0.33,446.44,15.2,0.05,14.1,0.05
0.47,448.91,16.1,0.01,13.4,0.07
0.5,448.04,15.6,0.08,11.3,0.07
0.35,446.71,16.1,0.02,11.6,0.06
0.18,445.77,17.7,0.02,12.3,0.04
0.32,442.64,15.1,0.03,12.4,0.06
0.44,441.26,16.4,0.01,13.1,0.06
0.35,448.42,16.9,0.04,10,0.04
0.52,439.91,16.2,0.02,13.6,0.06
0.52,441.78,17.7,0.06,12.2,0.05
0.49,443.53,16.9,0.05,10.6,0.04
0.41,440.93,15.2,0.02,14.5,0.07
0.47,440.36,16.4,0.09,13.2,0.04
0.48,442.47,17.4,0.08,13.5,0.04
0.48,443.47,14.8,0.08,14,0.05
0.38,444.47,14.1,0.05,11.3,0.07
0.29,447.02,14.3,0.02,10.7,0.07
0.34,443.89,17.2,0.06,12.8,0.04
0.32,441.52,17.5,0.05,10.5,0.07
0.23,446.73,15.4,0.07,11.5,0.05
0.27,445.34,16.8,0.01,11,0.07
0.34,447.91,15.1,0.01,9.7,0.06
0.38,445.48,15.6,0.06,12.4,0.06
0.44,438.9,15.8,0.02,11.2,0.04
0.32,443.92,15.5,0.02,12.6,0.06
0.21,440.06,15.6,0.09,11.3,0.07
0.16,435.31,14,0.03,9.9,0.04
0.38,437.56,15.8,0.09,10.9,0.04
0.51,440.34,17,0.05,9.9,0.06
0.52,435.51,15.2,0.08,13.5,0.05
0.53,434.95,14,0.08,9.9,0.07
0.36,440.78,17.7,0.06,9.7,0.05
0.54,436.95,16.1,0.03,9.7,0.06
0.45,437.27,16.4,0.06,10.3,0.05
0.12,439.38,14.2,0.09,12,0.05
0.11,438.95,14,0.03,11.6,0.05
0.2,441.12,15.4,0.09,12.2,0.05
0.25,440.7,17,0.03,9.9,0.05
0.16,439.49,17.7,0.06,9.9,0.04
0.22,437.6,16.5,0.06,14.4,0.06
0.1,439.08,16.9,0.07,12.3,0.06
0.42,439.51,14.5,0.02,10.8,0.06
0.51,437.65,15.2,0.01,11.1,0.07
0.37,436.2,14.8,0.01,12.5,0.07
0.27,439.06,15.1,0.05,12.3,0.06
0.52,442.72,15.8,0.02,10.6,0.07
0.49,441.77,17.2,0.06,10.1,0.04
0.3,444.97,17.5,0.08,12.2,0.05
0.34,445.53,14.4,0.03,13.9,0.06
0.38,442.06,17.7,0.03,10.2,0.06
0.38,444.91,16.1,0.04,12.1,0.07
0.41,439.79,16,0.03,13.3,0.05
0.4,436.34,17.1,0.04,11.8,0.04
0.53,439.3,16.6,0.09,11,0.04
0.51,436.6,17,0.04,10.5,0.06
0.36,438.95,17.1,0.03,13.8,0.04
0.27,441.05,17.3,0.06,13.5,0.07
0.2,440.59,16.7,0.04,14.2,0.07
0.3,439.52,16.1,0.09,11.2,0.05
0.32,440.45,15.2,0.04,12.9,0.04
0.49,441.91,17.6,0.06,10.4,0.05
0.38,445.51,16.7,0.03,10.2,0.04
0.48,445.08,14.8,0.04,10.2,0.04
0.47,434.63,16.9,0.05,12.1,0.04
0.44,433.39,17.5,0.06,10.5,0.04
0.53,431.74,14.7,0.03,12.9,0.07
0.55,430.23,17.4,0.09,14.1,0.06
0.33,435.98,16.4,0.06,12.6,0.04
0.33,444.97,16.7,0.02,11.3,0.06
0.49,439.34,15,0.03,10.9,0.05
0.52,436.07,17.2,0.04,11.8,0.04
0.55,433.52,17.7,0.07,13.3,0.05
0.42,435.3,16.4,0.07,12.4,0.04
0.31,432.03,14.4,0.04,13.1,0.05
0.48,430.2,16.1,0.01,10.7,0.06
0.54,428.7,14.2,0.06,10.4,0.06
0.35,439.01,17.4,0.09,11.9,0.05
0.3,441.09,17.6,0.09,10.3,0.05
0.3,440.45,15,0.09,11.2,0.04
0.48,439.2,17.4,0.07,13,0.07
0.52,435.58,16.3,0.02,11.6,0.05
0.48,438.48,16.9,0.02,10.1,0.06
0.47,439.12,16.6,0.07,13.1,0.05
0.48,434.95,15,0.07,12.6,0.06
0.52,433.05,17.1,0.06,11.7,0.06
0.46,435.62,14.4,0.09,10.9,0.06
0.45,434.85,14.6,0.03,11.9,0.06
0.38,438.08,15.2,0.08,13.8,0.05
0.41,435.62,14.8,0.04,11.2,0.05
0.43,435.63,14.8,0.07,13.7,0.06
0.44,438.38,15.2,0.09,12.1,0.06
0.49,441.26,17.8,0.04,12.2,0.07
0.56,438.99,17,0.02,13.6,0.04
0.33,438.67,16.8,0.02,12.9,0.06
0.38,435.4,14.9,0.01,13.1,0.05
0.33,438.36,16.3,0.05,13,0.06
0.32,435.64,16.6,0.05,12.7,0.04
0.48,431.69,16.1,0.03,10.3,0.04
0.52,432.37,14.8,0.06,10.5,0.04
0.54,433.56,16.9,0.06,14,0.06
0.51,434.6,14.6,0.08,12,0.05
0.48,438.28,14.5,0.07,11,0.07
0.43,435.38,16.2,0.06,13,0.07
0.38,431.52,15.6,0.06,14,0.07
0.39,436.92,15.6,0.02,14.1,0.07
0.28,436.02,16.9,0.07,11.9,0.04
0.31,432.6,16,0.09,13.6,0.05
0.33,432.87,16.9,0.05,10.2,0.07
0.42,428.95,16.6,0.03,10,0.04
0.46,428.38,14.4,0.06,11.2,0.06
0.59,426.65,16.1,0.01,12.2,0.05
0.55,427.17,16.4,0.02,11.1,0.07
0.54,425.34,16.9,0.07,10.6,0.05
0.45,426.47,16.2,0.02,13.3,0.06
0.45,428.91,15.2,0.07,13.2,0.05
0.15,429.9,16.2,0.03,11.2,0.06
0.38,433.78,17.2,0.09,11.5,0.07
0.55,430.16,15.9,0.09,10.5,0.07
0.55,427.51,14.4,0.03,10.4,0.04
0.45,433.92,15.3,0.02,10.6,0.06
0.34,432.01,15,0.07,12.5,0.04
0.57,405.84,14.8,0.08,12.1,0.06
0.59,408.73,17,0.06,12.8,0.05
0.58,408.01,14.8,0.08,12.5,0.05
0.46,432.8,16.1,0.05,14.4,0.07
0.49,426.27,15,0.03,12.6,0.04
0.12,427.8,15.2,0.01,13,0.07
0.17,430.92,14.5,0.05,14.5,0.07
0.66,393.48,14.4,0.05,14.4,0.06
0.59,399.87,17.6,0.09,13.3,0.07
0.43,412.41,14.5,0.03,11.6,0.05
0.43,421.65,14.6,0.05,10.1,0.05
0.48,412.21,16.9,0.02,13.1,0.07
0.54,383.68,14.1,0.03,10.7,0.04
0.5,384.75,16.4,0.02,10.7,0.04
0.54,380.83,17.5,0.07,13.1,0.06
0.49,392.95,16.6,0.06,12.7,0.05
0.48,385.18,17.5,0.02,13,0.04
0.59,375.35,14.9,0.01,14.4,0.07
0.64,371.48,17.1,0.02,14.4,0.04
0.68,370.87,15.7,0.01,10.9,0.04
0.67,380,14.3,0.03,12.6,0.04
0.68,379.62,17.6,0.09,13,0.06
0.63,376.5,16.5,0.09,12.4,0.05
0.65,380,15.5,0.06,12.8,0.07
0.62,377,16.3,0.08,11.6,0.05
0.62,374.62,16.3,0.09,11.8,0.05
0.64,369.02,17.7,0.09,13.4,0.07
0.64,360.99,16.1,0.06,13.8,0.07
0.66,364.72,16.9,0.01,12.3,0.06
0.62,369.51,17.2,0.07,12.1,0.06
0.45,387.6,15.8,0.07,10,0.04
0.16,399.05,17,0.02,14.1,0.06
0.24,401.84,17.4,0.06,10.1,0.05
0.39,405.38,14.4,0.04,13.7,0.07
0.3,423.85,15.1,0.07,10.7,0.05
0.55,398.73,15.1,0.01,13.6,0.04
0.52,380.91,14.6,0.06,10,0.06
0.59,349.13,16.1,0.05,10.1,0.06
0.59,326.95,14.7,0.02,11,0.04
0.56,334.89,14.5,0.07,11,0.04
0.57,339.11,17.5,0.05,14.5,0.07
0.56,337,14.7,0.02,12.6,0.07
0.55,335.85,16.3,0.01,10.2,0.05
0.52,343.96,16.4,0.06,11.5,0.04
0.47,338.31,15,0.08,13,0.06
0.49,336.96,14.6,0.05,11.9,0.04
0.53,333.8,14.5,0.08,13.8,0.07
0.6,330.87,14.8,0.03,12.5,0.07
0.66,333.16,14.5,0.04,12.6,0.05
0.62,331.55,16.4,0.03,11.6,0.04
0.58,332.51,14.4,0.09,14,0.07
0.58,334.75,15.7,0.07,10.1,0.07
0.56,335.05,17.3,0.04,11.9,0.04
0.57,350.2,15.6,0.04,14.2,0.05
0.3,385.39,15.4,0.04,14.4,0.06
0.23,394.39,16.2,0.02,12.7,0.07
0.27,416.38,16.5,0.04,10.2,0.07
0.44,406.99,16.3,0.07,11.6,0.05
0.56,377.5,16.3,0.01,11.4,0.05
0.52,352.7,14.9,0.01,9.8,0.07
0.59,350.56,17.5,0.07,13.5,0.06
0.6,344.29,14.9,0.05,14,0.07
0.56,326.29,15.2,0.09,11.4,0.06
0.52,324.45,15.4,0.06,12.7,0.06
0.5,343.8,14.1,0.01,13.1,0.04
0.2,374.11,14.5,0.07,13.3,0.05
0.25,371.07,16.3,0.09,13,0.07
0.47,353.74,16.4,0.09,10.8,0.05
0.55,353.73,15.8,0.02,13,0.06
0.49,340.34,15.1,0.06,10.9,0.06
0.49,330.06,16.1,0.03,14.1,0.05
0.53,328.41,14.7,0.05,11,0.06
0.57,312.23,17.2,0.05,10.4,0.06
0.6,317.32,17.1,0.05,10.2,0.07
0.59,323.94,14,0.06,12.7,0.06
0.61,331.36,15.7,0.03,13.3,0.07
0.62,341.48,15.4,0.03,10,0.07
0.66,325.34,17.2,0.03,12.7,0.06
0.62,337.27,14.9,0.09,14.3,0.06
0.59,332.8,14.8,0.02,12.1,0.04
0.55,309.26,16.4,0.03,13.2,0.06
0.41,322.36,15.7,0.06,10.2,0.07
0.47,324.05,15.6,0.04,10.2,0.07
0.63,300.68,14.9,0.02,13.9,0.05
0.57,305.55,17.3,0.01,10.1,0.04
0.52,321.79,14.4,0.09,11.8,0.06
0.55,315.24,16.9,0.06,14.4,0.06
0.54,319.53,15,0.03,13.2,0.06
0.39,344.12,16.8,0.02,10.8,0.07
0.37,349.54,15.9,0.03,10.4,0.06
0.34,355.83,15.7,0.09,11.3,0.06
0.34,352.15,14,0.08,9.9,0.05
0.45,340.82,16.7,0.08,14.3,0.04
0.49,328.45,14,0.04,11.8,0.05
0.52,328.26,16.9,0.07,12.6,0.07
0.55,321.16,16.6,0.05,12.7,0.04
0.61,315.55,14.1,0.01,11.9,0.05
0.55,326.05,16.4,0.07,10.2,0.05
0.57,322.48,15.3,0.08,11.4,0.07
0.56,330.62,14.6,0.06,12.2,0.07
0.58,321.09,16.6,0.09,13.9,0.06
0.52,339.21,15.5,0.02,11.2,0.06
0.56,326.01,14.7,0.02,11.1,0.04
0.55,320.68,14.5,0.08,14.4,0.07
0.56,320.08,16.6,0.07,14.4,0.07
0.56,320.4,17,0.02,14.5,0.04
0.57,322.65,15.9,0.06,12.1,0.07
0.58,321.51,17.7,0.02,14.5,0.04
0.54,337.35,17.1,0.06,11.7,0.05
0.42,344.55,16.9,0.02,11.3,0.06
0.45,350.77,15.7,0.03,9.9,0.06
0.41,357.48,15.6,0.06,13.2,0.05
0.55,356.49,15.1,0.04,9.9,0.06
0.55,363.52,17.5,0.01,12.9,0.06
0.6,347.38,15.2,0.09,13.6,0.07
0.61,354.05,15.2,0.08,13.9,0.07
0.54,369.4,17.1,0.05,13,0.07
0.46,373.51,16.4,0.07,10.8,0.04
0.4,368.86,16.7,0.02,11.7,0.04
0.55,331.86,16,0.09,10.2,0.07
0.66,329.7,17.5,0.04,14.5,0.06
0.52,356.24,16.1,0.04,10.4,0.04
0.55,360.29,14.6,0.06,13.8,0.04
0.65,330.16,15.7,0.04,12.3,0.05
0.67,324.56,16.3,0.08,14.2,0.04
0.59,341.34,16.5,0.04,12.9,0.06
0.59,349.17,17.7,0.07,10.7,0.05
0.6,355.92,17.2,0.05,11.9,0.07
0.48,369.62,17.8,0.05,9.7,0.04
0.48,370.4,17.7,0.04,14,0.06
0.53,360.99,14.4,0.07,13,0.07
0.57,373.37,16.8,0.08,11.4,0.07
0.58,371.72,17.4,0.09,11,0.05
0.52,385.86,16.1,0.09,10.6,0.07
0.58,381.59,15.2,0.07,13.2,0.07
0.59,371.41,17,0.05,14.3,0.07
0.55,377.04,17.7,0.01,14,0.05
0.55,375.84,14.7,0.08,13.9,0.04
0.58,376.16,14.1,0.05,12,0.05
0.64,377.05,17.4,0.01,12,0.06
0.65,370.67,14.3,0.05,10.4,0.07
0.56,393.23,16.8,0.01,10.4,0.05
0.58,394.05,14.7,0.04,13.4,0.05
0.72,348.41,14.1,0.07,10.1,0.07
0.68,344.81,17,0.04,12,0.05
0.61,368.09,17.3,0.08,11.9,0.05
0.67,355.12,17.6,0.08,12.3,0.05
0.67,355.64,16.7,0.03,14,0.04
0.54,378.13,14.2,0.06,11.7,0.07
0.58,378.3,16.2,0.06,12.3,0.05
0.6,369.75,17.5,0.08,13.1,0.04
0.51,398.19,16.8,0.08,13,0.06
0.38,421.02,17.1,0.08,11,0.04
0.61,393.38,16.9,0.04,14.2,0.07
0.66,381.49,17.5,0.01,11.8,0.07
0.67,366,17.3,0.04,13,0.04
0.66,362.31,14.6,0.01,10,0.04
0.61,376.47,16.8,0.08,10.5,0.06
0.54,400.1,15.1,0.06,13.6,0.07
0.49,417.09,15.8,0.02,10.7,0.07
0.48,427.22,15.6,0.04,10,0.07
0.51,412.7,17.3,0.08,13.3,0.07
0.48,416.11,15.5,0.04,9.9,0.06
0.52,408.87,16.8,0.02,12.9,0.06
0.54,407.93,15.1,0.06,10.7,0.05
0.53,410.77,16.8,0.09,12.4,0.07
0.52,416.45,14.9,0.01,12.9,0.06
0.41,420.54,14.3,0.08,12.3,0.06
0.54,402.55,15.1,0.02,13.8,0.07
0.32,410.07,16.6,0.03,11.6,0.06
0.56,410.26,15.3,0.07,14.3,0.06
0.6,395.8,15.1,0.01,11.4,0.05
0.55,403.44,15,0.05,12.6,0.06
0.49,411.39,15.8,0.02,11.3,0.07
0.42,416.3,15.3,0.03,14.2,0.05
0.56,409.13,17.5,0.09,10.6,0.04
0.48,419.19,17.2,0.09,11.8,0.05
0.57,414.15,17.8,0.07,13.9,0.07
0.49,420.77,17.4,0.09,11.6,0.05
0.57,418.73,14.3,0.07,12.7,0.06
0.6,411.1,14.5,0.01,13.9,0.04
0.61,425.17,15,0.01,14.3,0.04
0.66,393.47,14.5,0.07,12.7,0.07
0.6,414.73,16.5,0.02,13,0.04
0.5,432.77,17,0.05,14.5,0.05
0.58,418.54,15.6,0.09,10.9,0.04
0.6,428.02,14.9,0.07,12.4,0.06
0.6,430.05,16.9,0.05,12.4,0.06
0.53,438.32,15.7,0.05,11.5,0.07
0.41,438.73,16.6,0.01,10.7,0.06
0.57,426.73,17.2,0.02,14.4,0.07
0.63,414.52,14.9,0.01,14.5,0.06
0.52,430.38,15,0.08,12.6,0.06
0.44,424.18,17.3,0.09,13.7,0.06
0.58,406.61,17.6,0.03,9.7,0.07
0.45,414.05,15.7,0.03,11,0.06
0.46,427.52,16.9,0.01,13.4,0.06
0.36,419.38,16.8,0.04,12.3,0.05
0.5,411.27,17.8,0.09,12.1,0.06
0.38,417.53,16.9,0.04,14.5,0.07
0.51,416.15,17.4,0.06,11.4,0.07
0.5,423.86,15.9,0.02,11.7,0.06
0.51,439.17,14.1,0.07,14.1,0.07
0.55,434.83,15,0.04,9.9,0.07
0.47,435.63,17.2,0.06,13,0.04
0.53,433.33,17.6,0.09,12,0.06
0.44,437.18,14.8,0.09,11.6,0.04
0.27,435.12,15.3,0.03,12.6,0.05
0.46,434.96,17.2,0.04,12.9,0.07
0.55,416.88,15.9,0.07,13.3,0.05
0.38,428.04,14.3,0.01,10.8,0.04
0.48,414.48,17,0.03,12.4,0.06
0.52,420.45,15.2,0.02,13.9,0.04
0.34,434.4,17.4,0.05,10,0.04
0.5,426.01,16.2,0.03,12.4,0.04
0.38,438.61,16.8,0.04,11.2,0.05
0.52,431.59,15.7,0.07,12.4,0.05
0.43,438.1,17.8,0.02,14,0.05
0.47,437.23,14.4,0.09,13.1,0.06
0.34,446.78,17.7,0.04,13.1,0.07
0.37,438.18,16.7,0.04,13,0.05
0.37,441.31,15.9,0.02,9.9,0.05
0.37,445.8,14.4,0.02,12.1,0.05
0.55,431.8,17.4,0.03,13.6,0.07
0.61,423.26,17.4,0.07,14.5,0.05
0.52,433.27,15.8,0.08,12.3,0.06
0.49,430.14,14.4,0.06,12.1,0.05
0.47,437.38,15,0.08,10.5,0.06
0.39,434.99,16.5,0.06,13.3,0.07
0.23,438.66,17.1,0.02,10.5,0.06
0.53,431.99,16.4,0.01,11.8,0.04
0.43,436.98,14.6,0.07,13.9,0.06
0.43,440.45,14.3,0.08,12.7,0.05
0.32,440.96,14.6,0.03,9.8,0.07
0.58,441.42,14.5,0.09,13.9,0.07
0.61,440.13,17.3,0.04,14.1,0.04
0.52,441.01,14.8,0.06,12.2,0.06
0.49,443.14,14.6,0.09,12.2,0.04
0.44,446.85,14,0.04,11.8,0.07
0.34,450.41,16.9,0.08,14.5,0.06
0.31,450.05,14.4,0.07,11.8,0.04
0.49,447.77,14.2,0.08,12.7,0.07
0.48,448.12,14,0.06,10.1,0.07
0.56,457.43,17.7,0.01,11.2,0.04
0.48,452.09,14.8,0.03,13.8,0.04
0.48,454.05,17.3,0.09,13.7,0.04
0.55,449.16,14.4,0.02,13.6,0.06
0.45,451.3,14.6,0.05,9.9,0.07
0.37,451.69,14.6,0.09,13.3,0.06
0.45,445.29,17.8,0.05,12.8,0.04
0.55,440.09,17.2,0.09,10.8,0.06
0.37,446.43,15.9,0.06,11.1,0.07
0.23,451.61,16.9,0.09,10.1,0.06
0.11,450.59,16.1,0.09,13.9,0.05
0.25,453.5,16.8,0.08,10.6,0.07
0.41,440.25,17.6,0.07,9.9,0.04
0.47,435.88,14.9,0.04,10.3,0.07
0.47,438.81,15,0.01,12.8,0.06
0.56,440.04,14.3,0.05,12.8,0.06
0.4,447.69,15.2,0.05,11.6,0.05
0.41,446.35,16.2,0.07,11.7,0.06
0.27,443.91,15.1,0.01,13,0.04
0.23,442.64,15,0.05,13,0.06
0.32,446.01,14.9,0.06,13.4,0.04
0.45,448.52,15.5,0.08,11.5,0.04
0.55,444.45,14.2,0.01,11.4,0.07
0.45,444.68,14.3,0.07,13.5,0.04
0.4,445.35,15.4,0.04,13.7,0.07
0.33,443.55,14.4,0.01,13.5,0.05
0.47,445.06,16,0.01,12.7,0.06
0.48,441.79,16.3,0.04,14.5,0.05
0.41,440.65,14.9,0.07,11.4,0.07
0.53,441.64,15.6,0.02,11.3,0.04
0.43,443.92,15.4,0.07,13,0.05
0.42,444.45,14.2,0.05,9.8,0.04
0.43,442.94,15.4,0.08,9.9,0.07
0.46,446.13,14.4,0.09,10.1,0.07
0.6,446.54,15.6,0.03,11,0.06
0.48,446.02,14.5,0.04,13.7,0.06
0.41,444.3,16.6,0.04,11.4,0.06
0.26,444.97,17.4,0.03,11.8,0.06
0.21,441.21,17.8,0.09,12.9,0.07
0.22,443.26,17.6,0.03,11.8,0.07
0.29,441.25,14.7,0.02,13.4,0.04
0.15,444.22,16,0.08,9.7,0.05
0.2,441.98,15.5,0.05,14.3,0.05
0.35,442.16,14.9,0.05,13.9,0.05
0.4,442.2,14.4,0.05,14.4,0.06
0.34,441.63,16.2,0.05,11.8,0.07
0.24,443.52,15.5,0.01,9.8,0.05
0.19,441.55,17.3,0.07,12.2,0.07
0.32,441.05,15.7,0.01,11.7,0.06
0.34,449.17,15.5,0.09,12.7,0.05
0.45,445.75,14.6,0.08,11.9,0.07
0.37,447.98,15.8,0.09,10.2,0.06
0.4,440.95,16.4,0.06,13.4,0.07
0.41,438.52,16,0.05,14.1,0.04
0.49,431.71,17.1,0.08,13.6,0.05
0.48,439.34,17.5,0.06,12.7,0.06
0.55,437.32,15.3,0.03,11,0.06
0.52,437.58,14.4,0.05,11.2,0.04
0.43,438.26,14.5,0.03,13.6,0.06
0.48,440.47,17.8,0.04,14.2,0.06
0.47,440.48,15.3,0.03,13,0.06
0.41,438.81,14.8,0.02,10.9,0.05
0.52,435.61,16.5,0.09,10.4,0.06
0.54,437.88,14.5,0.03,13,0.07
0.54,441.34,14.3,0.08,13.6,0.07
0.2,443.45,16.4,0.04,11.2,0.07
0.4,437.05,16.8,0.04,11.8,0.06
0.47,438.51,14.1,0.03,11.2,0.07
0.41,443.78,17.3,0.06,11.6,0.04
0.45,445.41,15.2,0.05,14.1,0.04
0.31,441.58,16.8,0.04,13.4,0.07
0.45,442.22,15.2,0.09,11,0.04
0.52,437.41,16.5,0.03,14.1,0.05
0.41,438.42,17.3,0.06,10,0.04
0.44,435.98,14.6,0.06,10.2,0.05
0.48,437.23,17.1,0.01,11.1,0.06
0.5,440.85,17.8,0.07,10.6,0.04
0.44,441.05,16,0.01,13.2,0.06
0.49,435.52,15.8,0.08,12.7,0.07
0.26,437.97,17.7,0.06,12.9,0.07
0.42,437.4,17.2,0.06,10.7,0.06
0.46,440.68,14.7,0.03,12.3,0.05
0.47,441.79,14.4,0.04,13.6,0.04
0.43,435.45,14.9,0.06,11,0.07
0.46,433.83,17.7,0.08,14.4,0.06
0.51,431.34,16.4,0.01,14.4,0.04
0.52,426.23,17.1,0.06,13.3,0.04
0.47,430.05,16.9,0.06,13.1,0.05
0.36,437.1,17,0.02,13.3,0.05
0.48,433.9,14.5,0.08,13.3,0.04
0.4,436.69,17.2,0.08,9.7,0.04
0.49,433.39,16.8,0.06,11.9,0.04
0.43,433.3,15.6,0.09,9.8,0.04
0.53,428.89,16.8,0.07,10.9,0.06
0.57,426.54,17.4,0.01,11.1,0.06
0.61,423.67,17.7,0.09,11.1,0.04
0.59,426.04,16,0.06,11.3,0.07
0.3,431.14,14.6,0.03,11.8,0.07
0.41,429.08,14.2,0.06,12.9,0.07
0.37,428.88,15.4,0.06,14.3,0.04
0.59,423.05,16.2,0.07,13.5,0.07
0.56,428.94,15.2,0.05,12.8,0.04
0.44,430.23,17.6,0.01,12.3,0.06
0.4,436.4,15.1,0.05,12.4,0.05
0.53,426.54,15.6,0.01,12.3,0.04
0.52,426.05,16.1,0.06,10.6,0.04
0.55,421.49,14.3,0.06,11.9,0.05
0.59,409.78,16.1,0.08,11.4,0.04
0.64,404.99,15.2,0.01,12.1,0.04
0.64,410.06,17.6,0.08,12.2,0.05
0.59,412.31,14.3,0.02,11.5,0.07
0.56,412.57,14.4,0.04,10.3,0.06
0.55,408.56,16,0.05,9.8,0.07
0.56,401.4,17.7,0.02,10.8,0.06
0.55,402.39,17,0.02,10.3,0.07
0.57,403.12,16.3,0.04,13.8,0.06
0.55,402.29,14.6,0.01,13.4,0.07
0.42,414.2,14.8,0.07,12.2,0.05
0.2,419.2,16.6,0.09,10.5,0.06
0.17,418.06,17.3,0.01,10.4,0.04
0.1,434.09,17.2,0.05,9.9,0.06
0.52,409.41,17.8,0.01,10.3,0.05
0.59,392.94,16.4,0.03,10,0.06
0.59,383.81,15.6,0.03,13.9,0.07
0.58,377.94,14.4,0.09,10.2,0.06
0.57,392.17,16.6,0.01,11,0.04
0.55,400.14,15.4,0.03,10.1,0.05
0.57,400.2,17.1,0.04,13.6,0.07
0.55,389.47,15.4,0.03,9.7,0.05
0.57,387.73,15.1,0.08,12.5,0.06
0.56,389.23,16.6,0.05,12.6,0.07
0.52,399.02,16.5,0.05,11.1,0.04
0.62,362.38,16.1,0.05,10.3,0.04
0.62,366.8,17,0.02,12.8,0.04
0.61,369.95,15.9,0.05,14,0.06
0.46,394.34,17.7,0.08,11.5,0.04
0.41,403.96,17.6,0.04,9.7,0.06
0.42,409.84,17.6,0.08,12.4,0.06
0.57,404.79,14.5,0.08,10,0.06
0.62,392.8,16.6,0.06,13.1,0.06
0.62,397.05,16.1,0.02,12,0.04
0.61,395.12,14.1,0.03,10.9,0.07
0.55,395.02,14.7,0.03,10,0.07
0.51,406.32,15.1,0.03,11.8,0.06
0.53,398.94,16.3,0.03,10.2,0.05
0.4,399.19,14.9,0.06,13,0.05
0.51,371.59,15.1,0.01,14.1,0.05
0.56,353.96,15.8,0.09,11.2,0.06
0.55,357.88,16.9,0.05,14.2,0.07
0.62,361.59,15.7,0.07,10.3,0.04
0.62,357.9,15.3,0.04,10.4,0.05
0.55,365.87,17,0.01,9.8,0.05
0.48,370.37,15.3,0.06,10.1,0.07
0.49,373.02,16.7,0.08,10.6,0.05
0.56,372.59,15.1,0.06,14.2,0.04
0.5,376.31,14.3,0.07,11.4,0.06
0.55,353.72,15.5,0.03,12.6,0.05
0.53,355.74,14.4,0.04,9.7,0.06
0.52,361.4,17.2,0.09,10.1,0.06
0.52,357.2,17.4,0.03,13.9,0.04
0.49,352.62,14.4,0.09,14.3,0.04
0.52,347.9,15.6,0.08,13.8,0.04
0.51,355.13,14.6,0.04,13,0.05
0.55,358.39,14.1,0.06,13.8,0.05
0.59,354.89,14.4,0.03,11.4,0.05
0.55,379.85,16.4,0.06,10.4,0.05
0.65,364.38,14.6,0.01,14.3,0.06
0.59,373.39,16.4,0.01,13.8,0.07
0.48,379.56,14,0.07,12.4,0.05
0.49,357.27,16.8,0.02,11.1,0.05
0.48,352.23,16.6,0.07,10.7,0.06
0.39,346.78,17.6,0.09,11.2,0.07
0.47,342.76,16.9,0.02,13.3,0.07
0.49,341.38,15.1,0.07,11.1,0.06
0.46,343.95,17.1,0.02,11.2,0.07
0.5,334.89,15,0.08,14.2,0.05
0.47,335.98,17.8,0.04,11,0.07
0.58,321.4,16.6,0.04,13.7,0.04
0.63,321.19,17.6,0.04,13.8,0.07
0.58,341.8,17,0.04,11.2,0.06
0.57,355.7,14.4,0.02,13.6,0.05
0.59,350.96,17.7,0.09,9.9,0.05
0.57,347.41,17.5,0.04,10.9,0.04
0.62,333.88,15.2,0.07,13,0.04
0.37,382.01,15.9,0.03,14.5,0.07
0.15,392.67,17.8,0.02,11.3,0.06
0.12,388.57,15.4,0.05,14.3,0.06
0.6,332.59,15.2,0.09,13.1,0.07
0.43,344.99,17.7,0.03,11.3,0.05
0.48,318.97,14.3,0.08,11.8,0.07
0.48,323.18,17.7,0.01,11.2,0.06
0.55,313.62,15.5,0.06,11.9,0.06
0.55,316.16,17.5,0.01,10.7,0.05
0.55,317.65,15.8,0.06,9.9,0.07
0.54,310.12,16.1,0.02,10.6,0.07
0.51,314.05,16.9,0.07,12.5,0.05
0.56,297.19,14,0.09,13.2,0.06
0.53,300.31,15.7,0.01,11.6,0.04
0.59,311.97,14.2,0.05,11,0.07
0.6,312.07,17.8,0.03,10.2,0.05
0.63,312.58,16.6,0.06,11.9,0.05
0.63,311.42,15.5,0.02,12.7,0.06
0.58,314.59,14.9,0.01,13.1,0.06
0.46,324.04,17.6,0.02,12,0.06
0.58,313.62,14.4,0.04,9.8,0.05
0.66,315.16,15.8,0.03,13,0.04
0.66,317.34,17.1,0.03,10.6,0.04
0.56,327.12,16.4,0.08,11.5,0.07
0.5,328.05,16.6,0.06,13,0.05
0.53,323.04,17.4,0.09,12.9,0.05
0.52,322.68,14.9,0.09,11.6,0.07
0.56,318.32,14.9,0.01,13.1,0.06
0.62,318.38,17.4,0.08,11.9,0.05
0.47,346.27,16.8,0.01,10.3,0.07
0.55,324.66,14,0.09,10.9,0.04
0.6,312.7,16.2,0.02,12.3,0.05
0.57,320.86,14.8,0.02,14,0.04
0.54,323.06,14,0.08,12,0.07
0.52,321.42,14,0.01,13.3,0.05
0.5,330.61,16.8,0.03,14,0.04
0.51,334.52,16.9,0.08,13.3,0.06
0.56,329.62,16.7,0.06,10,0.04
0.57,337.29,14.3,0.05,13.7,0.07
0.54,346.41,14.9,0.05,10.8,0.07
0.52,350.78,14.2,0.08,14.2,0.06
0.39,388.16,16.1,0.05,12,0.06
0.48,373.11,17.2,0.07,9.9,0.04
0.43,369.41,15.9,0.07,12.7,0.05
0.52,335.22,16.6,0.04,14.2,0.07
0.66,304.41,15.6,0.08,9.9,0.06
0.62,316.79,14.9,0.06,13.4,0.07
0.6,327.09,17.8,0.02,10.4,0.07
0.63,328.56,16.5,0.05,9.8,0.06
0.61,336.99,16.4,0.09,10.3,0.07
0.62,335.73,15.3,0.02,10,0.06
0.59,330.16,17.5,0.09,10.5,0.04
0.58,338.53,17.8,0.04,14.2,0.05
0.52,365.24,17.7,0.03,13.5,0.04
0.38,381.92,16.1,0.04,11.7,0.04
0.38,388.02,16.8,0.04,12.4,0.06
0.63,314.67,16.7,0.09,10.1,0.04
0.66,317.44,14.7,0.07,11.2,0.06
0.62,326.66,15.5,0.09,9.9,0.05
0.64,340.92,16.6,0.05,12.9,0.04
0.61,350.89,15.2,0.07,13.8,0.06
0.59,366.85,14,0.03,10.3,0.04
0.44,373.68,17.3,0.09,14.5,0.04
0.51,360.96,15.4,0.04,10.2,0.07
0.62,331.14,14.6,0.03,9.9,0.04
0.61,351.01,16.6,0.09,13.3,0.07
0.6,379.78,17.7,0.05,13.1,0.07
0.64,360.18,15.2,0.08,12.2,0.06
0.6,383.94,15.8,0.08,12.7,0.05
0.61,386.77,14.2,0.02,10.5,0.04
0.66,377.9,14,0.07,14,0.06
0.49,389.45,16.1,0.04,12.4,0.07
0.44,404.45,17.6,0.03,10.5,0.07
0.36,406.72,16.8,0.03,14.4,0.07
0.29,399.02,14.5,0.09,10.3,0.06
0.67,324.02,14.9,0.05,11.4,0.05
0.66,326.24,16.3,0.08,11.5,0.07
0.61,359.88,16.1,0.06,13.2,0.07
0.35,405.94,16.9,0.02,13,0.06
0.36,406.99,15.7,0.08,13.3,0.07
0.48,385.78,16.1,0.01,14.3,0.05
0.49,377.66,14.1,0.08,10.4,0.06
0.68,341.95,14.3,0.08,10.5,0.07
0.65,346.6,14.6,0.04,11.1,0.07
0.52,393.59,15.4,0.05,13.8,0.06
0.58,391.56,14.1,0.07,10.9,0.06
0.66,383.8,14.7,0.05,13.8,0.06
0.64,397.18,15,0.03,14.5,0.07
0.61,402.55,15.7,0.03,12.2,0.06
0.46,418.23,15.9,0.06,14.2,0.04
0.53,402.09,14.7,0.07,13.1,0.05
0.59,399.1,14.9,0.09,10.9,0.05
0.48,394.87,15.9,0.07,14.4,0.04
0.59,386.47,17.5,0.05,12.7,0.06
0.68,361.37,16.5,0.02,11.4,0.04
0.65,384,16.1,0.03,14.1,0.07
0.59,418.16,15.9,0.08,11.8,0.04
0.67,386.38,17.2,0.06,12.9,0.07
0.71,349.41,16.9,0.09,14,0.06
0.67,373.34,14.5,0.07,13.6,0.07
0.55,402.52,16.7,0.01,14.5,0.05
0.55,405.55,16.4,0.03,13.5,0.04
0.59,394.02,16.2,0.02,14,0.05
0.54,415.07,15.6,0.01,13.1,0.07
0.45,432.95,14.8,0.05,13.2,0.05
0.58,421.97,14.1,0.09,11.3,0.04
0.6,413.23,15.3,0.06,11.8,0.04
0.51,423.66,15.5,0.07,11.9,0.05
0.55,412.34,16.8,0.01,12.8,0.06
0.48,426.8,15.9,0.04,13,0.06
0.33,427.75,16.8,0.08,12.3,0.06
0.51,417.41,15.3,0.06,10.1,0.07
0.55,407.92,17.1,0.09,10.5,0.07
0.52,408.97,16.4,0.06,10.6,0.04
0.55,413.59,15.3,0.05,12.6,0.05
0.39,432.15,15.2,0.09,11.5,0.05
0.46,424.17,15.9,0.08,14.2,0.07
0.51,422.67,14.1,0.03,10,0.05
0.53,429.98,14.1,0.07,12.5,0.05
0.55,432.68,15.4,0.09,11.8,0.06
0.53,438.72,14.7,0.09,9.8,0.07
0.52,437.83,16.1,0.07,13.6,0.04
0.55,421.49,16.1,0.08,14.4,0.04
0.52,413.41,16,0.01,10.7,0.04
0.39,419.66,16.2,0.09,14.4,0.06
0.63,401.4,16.3,0.04,13.8,0.07
0.56,420.06,14.2,0.09,12.8,0.05
0.62,406.58,17.4,0.03,10.5,0.04
0.58,415.12,14.1,0.09,11.6,0.07
0.6,415.58,16.2,0.03,12.9,0.05
0.62,430.01,14.6,0.06,13.7,0.05
0.52,441.3,14.9,0.07,11.9,0.06
0.54,443.16,14.7,0.01,10.7,0.06
0.66,431.54,16.1,0.06,14.4,0.04
0.66,429.68,16.1,0.08,12.6,0.04
0.63,435.69,16,0.03,12.8,0.05
0.61,426.57,14.1,0.02,10.4,0.07
0.45,439.34,17.3,0.08,11.2,0.05
0.1,439.89,16,0.09,11.3,0.04
0.22,433.38,16,0.08,13.8,0.07
0.59,424.98,16.4,0.06,11.9,0.05
0.66,411.82,15.3,0.03,9.8,0.06
0.67,404.77,17.1,0.07,12.4,0.06
0.63,426.48,16.1,0.02,14.3,0.06
0.62,442.03,16.2,0.05,12.3,0.04
0.61,438.59,14.2,0.08,10.1,0.06
0.62,451.84,16.9,0.01,11.3,0.06
0.49,447.87,17.6,0.03,11.6,0.05
0.49,450.2,15.4,0.09,10.8,0.06
0.6,438.23,14,0.05,11,0.06
0.53,441.62,14.7,0.03,12.3,0.05
0.62,431.58,16.6,0.01,13.2,0.05
0.59,446.59,15,0.02,10.2,0.05
0.61,448.92,14,0.03,12.4,0.06
0.57,444.01,14.5,0.04,11.2,0.05
0.56,440.87,16.1,0.01,13.5,0.04
0.57,438.03,17.4,0.06,10.3,0.07
0.48,447.16,17.5,0.02,11.4,0.06
0.43,439.41,17.5,0.06,10,0.04
0.45,443.72,17.5,0.09,14,0.04
0.37,440.36,17.8,0.03,10.8,0.04
0.62,429.02,16.8,0.02,10.7,0.04
0.61,432.48,15.2,0.08,11.2,0.04
0.59,435.61,16.5,0.04,14.5,0.06
0.59,433.2,15.7,0.07,10.8,0.06
0.58,432.8,14.5,0.04,9.7,0.04
0.48,439.33,15.8,0.02,10.9,0.06
0.51,435.18,14.8,0.09,14,0.04
0.28,445.78,16.3,0.04,11.1,0.05
0.47,435.09,14.5,0.04,14,0.06
0.43,444.14,15.3,0.02,13.9,0.07
0.14,444.67,17.7,0.01,12.8,0.04
0.34,441.91,15.7,0.03,12.5,0.04
0.42,435.67,17.4,0.01,10.8,0.04
0.46,440.03,14.5,0.04,9.8,0.06
0.58,440.22,14.5,0.04,13.9,0.07
0.54,441.23,15,0.03,13.5,0.05
0.52,440.44,15.4,0.01,11.8,0.05
0.53,444.61,14.6,0.09,13.7,0.05
0.55,443.5,17.8,0.06,12.7,0.06
0.52,450.66,14.6,0.09,13.1,0.06
0.41,458.2,14.7,0.06,14,0.07
0.6,454.03,17,0.03,11.4,0.04
0.46,454.34,14.2,0.02,10.3,0.07
0.45,452.47,17.3,0.07,13.5,0.05
0.54,452.48,17.2,0.03,13.3,0.06
0.46,449.77,15.7,0.04,12.5,0.04
0.39,445.46,14.4,0.04,10.4,0.05
0.41,443.33,17.2,0.09,12.6,0.07
0.53,442.69,16.8,0.05,11.7,0.05
0.53,444.37,15.6,0.01,9.7,0.06
0.57,444.09,16.9,0.03,10.6,0.04
0.45,447.91,15.9,0.01,14.5,0.04
0.24,447.79,17.1,0.04,12.8,0.05
0.35,448.86,16.7,0.07,14.5,0.07
0.34,451.92,15.2,0.06,13.1,0.04
0.47,446.3,14.7,0.05,12.3,0.06
0.45,447.7,15,0.08,14.4,0.05
0.4,447.06,14.6,0.01,13.4,0.06
0.38,450.74,17.8,0.07,13,0.05
0.48,450.56,14.1,0.04,12.6,0.06
0.49,449.44,17.8,0.06,13.2,0.05
0.27,446.99,17.5,0.09,13.8,0.06
0.33,446.93,17.5,0.02,13.9,0.07
0.34,447.55,15.5,0.08,14.5,0.07
0.35,444.64,17.4,0.04,10.2,0.05
0.33,446.4,14.7,0.02,10.7,0.06
0.22,447.09,17.1,0.01,14.4,0.05
0.37,448.05,17.3,0.01,13.9,0.04
0.34,444.62,16.8,0.06,11.5,0.05
0.42,442.24,14.1,0.02,13.7,0.07
0.45,442.33,14,0.04,11.4,0.04
0.47,445.35,15,0.02,13.6,0.07
0.56,442.28,14.7,0.04,12.2,0.06
0.47,445.79,17.6,0.02,10.4,0.04
0.58,441.03,14.8,0.02,13,0.05
0.55,442.18,17.1,0.03,11.8,0.05
0.58,434.8,14.6,0.01,12,0.05
0.52,434.87,16.9,0.08,14,0.06
0.52,437.95,14.1,0.09,10.7,0.05
0.36,444.43,15.6,0.06,13.6,0.06
0.37,445.16,14.4,0.09,11.7,0.07
0.19,445.9,17.3,0.08,10.1,0.05
0.38,441.86,16,0.02,13.4,0.06
0.48,439.43,14,0.09,9.9,0.07
0.43,438.65,15.7,0.06,11.9,0.04
0.46,434.55,16.8,0.09,13.3,0.05
0.45,437.58,15.9,0.07,14.5,0.04
0.45,441.66,15.2,0.05,12.7,0.06
0.45,444.98,17.8,0.02,9.8,0.05
0.45,448.35,15.9,0.04,10.7,0.07
0.47,453.61,14.3,0.04,12.5,0.05
0.53,446.77,16.6,0.08,10.8,0.04
0.35,447.19,15.3,0.07,13.4,0.06
0.38,442.38,15.4,0.01,14.2,0.05
0.16,443.46,17.8,0.08,14.3,0.06
0.49,443.34,14.6,0.03,10,0.07
0.51,448.46,16.5,0.07,10.1,0.06
0.46,447.98,16.6,0.03,12,0.07
0.31,446.65,15.4,0.06,13.7,0.07
0.3,442.84,17.8,0.07,11.6,0.04
0.17,441.2,14.4,0.04,13.4,0.05
0.33,441.33,17.3,0.08,11.5,0.07
0.35,444.62,16.9,0.09,14.3,0.04
0.24,444.94,16.3,0.02,14.5,0.06
0.38,442.59,16.1,0.09,13.8,0.06
0.45,443.63,15.4,0.08,10.4,0.07
0.48,439.65,17.8,0.04,13.7,0.04
0.51,435.95,14.1,0.08,13.4,0.04
0.45,440.44,16.8,0.08,12.9,0.06
0.44,439.69,15.4,0.04,11.4,0.06
0.39,439.01,17.1,0.05,13.2,0.04
0.41,438.36,16.8,0.02,11.3,0.06
0.55,434.67,16.6,0.03,14.1,0.05
0.53,438.58,16.3,0.04,10.9,0.05
0.51,438.19,17.7,0.02,10,0.05
0.55,437.46,15.9,0.02,13.4,0.05
0.58,435.59,16.4,0.03,12.5,0.06
0.46,433.38,17.7,0.01,14.1,0.07
0.51,439.41,14.9,0.08,9.8,0.06
0.51,443.98,15.7,0.09,13.9,0.04
0.39,439.79,14.3,0.02,10.1,0.07
0.35,437.8,17.4,0.08,10.5,0.07
0.45,436.58,15.5,0.09,12,0.07
0.44,440.39,14.7,0.06,11.5,0.05
0.44,437.66,14.8,0.04,13,0.05
0.33,440.54,15.6,0.07,13.9,0.04
0.45,440.7,16.9,0.07,10.9,0.07
0.45,440.17,17,0.09,9.9,0.04
0.38,443.2,14.4,0.04,10.3,0.06
0.36,440.73,14.8,0.05,10.7,0.06
0.27,437.85,17.5,0.06,11.4,0.07
0.44,438.16,15.9,0.02,13.1,0.05
0.52,440.07,15.4,0.06,11.4,0.05
0.49,433.05,17,0.04,10.7,0.04
0.52,430.33,14.6,0.03,14,0.06
0.56,428.49,14.7,0.08,10.6,0.07
0.59,427.23,15.4,0.03,13.1,0.05
0.6,425.05,16.7,0.01,11.5,0.05
0.5,429.32,17.4,0.03,13.4,0.06
0.54,431.81,14.4,0.02,12.6,0.07
0.41,429.14,17.4,0.08,11.4,0.06
0.33,428.83,16.6,0.09,11.1,0.07
0.16,425.54,16.2,0.06,11.2,0.06
0.25,427.62,17.7,0.04,11.9,0.06
0.32,422.34,17.4,0.02,10.4,0.05
0.18,420.23,15.4,0.05,10.1,0.04
0.27,419.46,14.5,0.06,11.9,0.04
0.3,422.05,14.3,0.06,11.2,0.07
0.46,427.52,14.1,0.09,12.7,0.07
0.55,427.23,17.6,0.05,11.5,0.06
0.27,431.34,16.9,0.07,11.4,0.06
0.32,428.77,15.1,0.08,12.2,0.04
0.54,421.45,14.2,0.02,13.8,0.05
0.46,428.05,16.2,0.04,12.2,0.05
0.32,421.73,16.1,0.03,10.6,0.05
0.44,425.08,16.5,0.06,13.9,0.04
0.37,421.09,15.4,0.03,10.4,0.04
0.43,423.73,17.8,0.06,14.3,0.04
0.55,417.79,15.7,0.02,12.6,0.04
0.57,407.98,14.8,0.03,14.4,0.07
0.55,406.8,17.1,0.03,10.8,0.07
0.57,409.26,15.9,0.05,13.5,0.05
0.58,410.84,14.2,0.07,12.7,0.07
0.56,416.77,15.7,0.01,10.4,0.04
0.55,424.6,14.3,0.01,10.4,0.04
0.57,416.29,14,0.03,12.6,0.06
0.59,411.14,16.9,0.08,11,0.07
0.56,412.58,14.9,0.07,14.5,0.06
0.45,422.55,16.5,0.03,11.5,0.06
0.52,417.36,16.9,0.09,12,0.05
0.27,424.27,17.8,0.08,12,0.06
0.12,414.84,14.8,0.05,14.4,0.07
0.14,419.56,15,0.03,11.6,0.07
0.3,424.72,15.8,0.04,12,0.06
0.49,408.64,15.5,0.03,13.8,0.04
0.58,388.84,16.5,0.03,12.2,0.05
0.59,380.37,17.2,0.07,13.3,0.05
0.59,389.81,15.3,0.01,13,0.07
0.46,399.01,16.6,0.05,14.5,0.04
0.55,392.78,14.2,0.05,13.6,0.06
0.62,386.14,17.8,0.07,11.2,0.06
0.59,403.38,14.4,0.03,10.5,0.07
0.62,397.08,16.6,0.07,9.7,0.05
0.54,384.81,16.5,0.02,12.4,0.05
0.48,377.54,17.7,0.05,13.7,0.05
0.52,371.3,16.4,0.06,11.6,0.07
0.24,396.99,14.2,0.03,13.9,0.07
0.07,412.63,15.5,0.09,13.5,0.07
0.46,407.51,14.4,0.09,11.3,0.07
0.66,391.03,14.8,0.07,9.7,0.05
0.59,379.96,17.6,0.05,12,0.07
0.55,364.97,14.8,0.02,9.9,0.04
0.61,370.99,15.4,0.01,13.3,0.07
0.62,389.43,17.8,0.01,9.8,0.05
0.57,386.89,14.8,0.05,11.8,0.07
0.55,371.34,15.3,0.06,12.3,0.05
0.54,371.22,15,0.09,13.4,0.06
0.56,361.52,15.6,0.09,13,0.05
0.56,359.44,16.4,0.01,14.3,0.07
0.55,356.64,15.3,0.04,11,0.04
0.55,356.12,15.7,0.02,13.6,0.06
0.48,367.44,17.4,0.02,14.5,0.05
0.47,364.23,14.8,0.04,12.6,0.07
0.41,376.91,17.2,0.04,10.8,0.06
0.47,377.13,17.7,0.08,13,0.05
0.54,371.53,15.4,0.07,10.8,0.05
0.62,366.53,17.2,0.06,10.1,0.05
0.58,373.07,14.9,0.08,11.6,0.06
0.55,373.55,15.2,0.08,13.6,0.04
0.52,361.17,14.6,0.06,9.7,0.04
0.55,352.7,14.1,0.01,12.5,0.05
0.52,339.17,17.8,0.02,13.6,0.06
0.52,331.48,15.2,0.05,14.3,0.05
0.64,334.66,17.6,0.05,11.4,0.06
0.62,350.73,17.2,0.02,12.3,0.06
0.55,366.11,16.1,0.01,10.6,0.07
0.53,371.08,17,0.02,11.8,0.05
0.53,360.59,17.3,0.09,9.9,0.06
0.51,348.51,14.8,0.07,14,0.04
0.38,364.37,15.4,0.03,13.8,0.07
0.36,366.12,15.5,0.04,13.6,0.04
0.4,363.37,17,0.07,12.1,0.05
0.44,366.34,17.4,0.07,10.5,0.06
0.49,369.45,16.8,0.08,13.6,0.06
0.51,383.42,16.6,0.07,13.7,0.04
0.4,367.93,17.5,0.01,9.8,0.07
0.55,314.16,14.3,0.03,10.2,0.07
0.54,308.97,15.8,0.07,10.8,0.07
0.47,316.01,14.4,0.01,12.8,0.04
0.23,349.48,15.2,0.09,13.8,0.05
0.26,361.81,17.4,0.08,11.1,0.06
0.33,361.13,15.8,0.04,11.2,0.07
0.41,344.8,16.8,0.02,9.8,0.04
0.38,350.38,17.2,0.04,9.9,0.07
0.23,380.43,14.3,0.03,9.8,0.05
0.35,353.7,14.3,0.03,12.6,0.07
0.52,301.46,16.3,0.08,12.3,0.05
0.63,298.34,16.7,0.03,12.6,0.06
0.55,302.25,14.8,0.01,10.8,0.04
0.62,309.84,16.6,0.06,9.9,0.06
0.53,339.18,17.6,0.05,12,0.07
0.48,347.48,17.7,0.06,14.3,0.04
0.3,369.02,17.8,0.02,12,0.05
0.44,370.77,14,0.04,12.6,0.05
0.27,362.39,14.4,0.02,10.8,0.06
0.57,310.02,14,0.09,9.9,0.06
0.34,339.26,14.2,0.03,10.6,0.04
0.46,352.56,14,0.01,10.4,0.06
0.24,375.95,15.3,0.08,12.9,0.06
0.45,342.54,14.8,0.03,10.3,0.06
0.48,316.99,14,0.03,13.7,0.06
0.55,309.27,15,0.09,14.2,0.05
0.59,313.55,14.2,0.07,13.6,0.06
0.57,324.27,15.9,0.04,12.8,0.05
0.54,336.3,17.1,0.04,10.2,0.04
0.54,343.74,17,0.03,11.4,0.04
0.54,339.95,15.5,0.08,10.2,0.05
0.57,338.78,16.3,0.04,11.8,0.06
0.32,369.77,17.3,0.05,11,0.05
0.48,335.8,17.8,0.04,10.4,0.06
0.59,312.22,16.2,0.04,10.9,0.04
0.58,329.97,15.1,0.09,11.7,0.07
0.33,362.05,17.6,0.06,10.9,0.05
0.64,308.18,14,0.01,10.8,0.07
0.6,305.23,16,0.09,9.9,0.07
0.55,314.66,15.5,0.09,11.7,0.07
0.48,322.57,17.7,0.04,13,0.06
0.46,350.37,17.6,0.02,12,0.07
0.23,391.12,14.8,0.01,11.6,0.06
0.22,390.41,16.9,0.05,13.2,0.04
0.49,336.48,15.5,0.02,11.1,0.06
0.55,328.08,16.9,0.03,10.5,0.05
0.59,320.25,16.3,0.09,14.4,0.07
0.6,310.09,15.4,0.09,9.7,0.07
0.61,327.99,15.9,0.07,11.2,0.05
0.52,350.27,16.1,0.09,12.9,0.05
0.55,339.22,14.8,0.05,10.3,0.04
0.26,364.26,17.5,0.01,10.4,0.04
0.19,379.87,17.8,0.09,11.5,0.05
0.55,350.59,15,0.02,11.2,0.04
0.58,312.64,16.5,0.04,10.1,0.07
0.62,317.51,17.2,0.06,12.9,0.04
0.63,325.76,14.6,0.08,10.8,0.07
0.58,335.73,16.2,0.04,13.5,0.04
0.55,350.32,17.1,0.07,9.9,0.04
0.61,342.95,15.1,0.03,13.8,0.04
0.55,349.87,16.1,0.07,13.5,0.05
0.52,352.64,15.5,0.04,9.9,0.07
0.54,348.4,16.7,0.09,11.9,0.04
0.53,350.77,14.5,0.04,10.5,0.04
0.43,366.42,14.3,0.05,13.8,0.06
0.52,360.55,14.5,0.08,13.5,0.07
0.59,359.06,14.6,0.08,10.1,0.07
0.39,384.74,16.7,0.04,10.5,0.07
0.25,394.96,14.6,0.02,12.9,0.05
0.23,388.97,16.3,0.06,10.2,0.04
0.43,372.37,14.4,0.09,13.1,0.07
0.47,357.89,15.8,0.08,11.4,0.04
0.6,347.53,14,0.03,9.9,0.04
0.65,350.17,17.5,0.07,11.2,0.07
0.6,355.63,17,0.01,10.6,0.04
0.49,370.86,16.3,0.09,11,0.04
0.45,386.91,17.4,0.05,13.9,0.06
0.38,394.98,17.1,0.01,11.3,0.07
0.39,397.99,14.9,0.06,10.1,0.06
0.47,393.18,17.4,0.08,12.5,0.07
0.39,402.02,15.1,0.08,13.3,0.05
0.58,382.16,16.5,0.04,10.9,0.05
0.65,349.95,16.5,0.04,13.2,0.04
0.65,359.18,16.6,0.01,14.2,0.06
0.5,398.62,16.7,0.05,13.1,0.06
0.47,416.82,14.4,0.09,10.9,0.05
0.53,401.34,16.1,0.07,10.4,0.04
0.48,395,15.5,0.03,10,0.06
0.39,395.75,17.5,0.07,12.5,0.04
0.58,388.69,16.1,0.01,11.4,0.04
0.55,386.8,14.3,0.01,10.1,0.07
0.57,378.98,15.3,0.03,12.4,0.05
0.56,375.47,16.1,0.02,11.8,0.06
0.58,381.8,16.3,0.02,12.3,0.06
0.6,383.49,16.3,0.01,12.2,0.07
0.54,388.71,17.7,0.09,12.5,0.07
0.48,387.08,17.6,0.02,13.1,0.06
0.59,388.57,16.7,0.08,12.7,0.06
0.57,387.68,16.7,0.05,10.7,0.05
0.61,394.58,16,0.02,11.1,0.04
0.66,390.91,17.1,0.02,13.4,0.07
0.65,402.79,16.4,0.05,12.1,0.07
0.7,385.3,15.9,0.08,14.5,0.06
0.7,377.32,16.6,0.04,14.5,0.04
0.68,371.47,16.1,0.02,11.4,0.04
0.66,390.14,16.9,0.01,9.9,0.04
0.59,403.97,17,0.06,9.7,0.05
0.59,400.07,16.6,0.09,12.4,0.06
0.65,368.91,17.4,0.09,12.8,0.05
0.63,379.44,15.5,0.07,9.7,0.04
0.69,369.44,16.2,0.04,12.8,0.06
0.68,385.62,16.9,0.04,9.7,0.07
0.55,412.02,17.6,0.03,12.6,0.07
0.64,394.25,16.2,0.05,13.3,0.04
0.62,398.11,16.6,0.07,14.5,0.05
0.57,414.8,17.7,0.06,14.4,0.06
0.55,416.47,17.7,0.06,13.6,0.06
0.49,426.38,15,0.01,10.1,0.06
0.56,413.48,15,0.02,13.8,0.04
0.36,425.36,15.4,0.05,10.1,0.06
0.56,419.62,14,0.06,13.1,0.05
0.59,423.76,15.1,0.03,13.4,0.06
0.48,429.11,15.3,0.04,11.1,0.07
0.59,419.86,15.6,0.09,13.2,0.07
0.55,426.31,15.8,0.03,13.5,0.05
0.21,428.28,17.8,0.05,12.8,0.04
0.45,416.33,17.6,0.04,9.7,0.07
0.34,420.81,14.7,0.05,14.4,0.05
0.38,428.45,16,0.06,14.4,0.04
0.4,420.66,17.8,0.07,13.4,0.07
0.34,413.8,14.5,0.05,12.2,0.05
0.47,419.45,15.8,0.03,14.4,0.07
0.4,414.69,17.8,0.09,11.7,0.07
0.48,416.54,14.7,0.06,10.7,0.04
0.48,418.32,16.1,0.01,14.1,0.06
0.3,424.59,14.5,0.02,11.6,0.04
0.41,420.15,16.3,0.03,12.3,0.07
0.51,418.97,15.1,0.05,9.7,0.05
0.52,421.58,15.6,0.05,11.2,0.06
0.5,427.26,16,0.09,11.2,0.07
0.53,415.37,15.7,0.08,11.3,0.07
0.48,421.67,14.9,0.01,11.5,0.04
0.58,418.86,14.1,0.04,11.7,0.07
0.61,418.57,14.5,0.04,10.3,0.05
0.59,420.84,15.7,0.06,14.1,0.07
0.57,420.78,15.9,0.03,12.3,0.05
0.64,415.98,14.4,0.06,11.9,0.07
0.52,428.72,16.8,0.08,9.9,0.05
0.59,428.81,16.5,0.09,10,0.07
0.55,432.84,15.7,0.03,12.1,0.07
0.62,431.49,15.7,0.03,11.4,0.07
0.58,432.15,14.9,0.03,9.7,0.05
0.61,430.81,17.4,0.01,11.8,0.07
0.27,439.06,14.1,0.09,12.3,0.04
0.1,433.97,15.4,0.07,14.4,0.04
0.2,441.08,16.3,0.03,11.3,0.06
0.51,441.42,16.9,0.04,10.9,0.06
0.45,440.27,17.3,0.01,14.3,0.07
0.48,448.77,14.1,0.03,11.9,0.05
0.41,449.45,16.6,0.06,10.9,0.04
0.42,446.26,17.3,0.04,13.8,0.04
0.23,449.94,17.4,0.09,9.9,0.07
0.3,433.77,17.2,0.01,11.5,0.07
0.52,429.83,17.6,0.08,10.9,0.04
0.38,438.87,15.2,0.06,13.1,0.05
0.36,432.34,15.4,0.05,12.8,0.06
0.53,433.46,14.3,0.08,11.4,0.07
0.58,434.09,14.9,0.04,12.7,0.06
0.56,433.42,17.4,0.09,12,0.06
0.53,438.04,15.6,0.08,13.2,0.04
0.48,441.53,16.7,0.08,11.3,0.07
0.52,439.03,15.6,0.02,12.4,0.05
0.42,440.48,15.3,0.08,10.2,0.06
0.52,438.46,17.2,0.03,12.4,0.05
0.47,439.04,16.6,0.01,12.7,0.07
0.34,438.7,16.6,0.01,13.2,0.05
0.33,440.64,17.7,0.06,13.8,0.04
0.26,441.2,16.8,0.08,12.6,0.04
0.23,443.1,17.3,0.07,10.9,0.06
0.34,444.5,16.2,0.05,11.7,0.07
0.34,445.55,16.2,0.01,11,0.06
0.38,443.79,16.4,0.04,11.5,0.04
0.25,443.51,17.2,0.05,10.3,0.05
0.27,442.87,17.6,0.04,9.9,0.06
0.34,444.34,15.2,0.03,13.7,0.04
0.48,442.73,17.6,0.09,13.1,0.07
0.45,442.03,17.8,0.03,14.3,0.05
0.43,445.77,14.3,0.03,13.9,0.07
0.48,440.76,17.5,0.02,11.7,0.07
0.57,437.91,17.4,0.01,14.4,0.05
0.44,435.73,16.8,0.08,11.9,0.07
0.32,442.08,17.2,0.07,12.2,0.06
0.39,445.71,15.1,0.08,11.4,0.07
0.3,443.43,16.4,0.05,10.8,0.05
0.33,443.98,14.3,0.03,13.7,0.05
0.51,441.38,15.2,0.05,9.9,0.06
0.54,440.02,15.2,0.04,10.1,0.07
0.48,440.36,14.2,0.08,10,0.06
0.47,440.02,15.9,0.02,12.6,0.07
0.43,439.26,14.3,0.01,13,0.07
0.34,441.78,15.9,0.02,13.6,0.04
0.38,443.41,16.2,0.08,10.3,0.06
0.5,443.97,14.6,0.02,10.1,0.04
0.35,448.12,16.9,0.05,10.2,0.05
0.35,444.33,14,0.01,14.5,0.06
0.48,443.49,16.1,0.04,11.1,0.06
0.29,441.41,15,0.02,14.1,0.04
0.3,445.97,15.5,0.02,14,0.04
0.41,446.73,17.8,0.01,13.1,0.04
0.42,442.24,16.6,0.07,14,0.06
0.44,439.16,16.8,0.04,12,0.07
0.52,436.38,16.1,0.09,10.1,0.07
0.47,439.46,16.8,0.01,10.5,0.04
0.5,438.42,14.7,0.04,14.5,0.07
0.35,442.08,17.3,0.07,10.1,0.04
0.32,444.55,16.2,0.06,10,0.05
0.24,441.41,15.3,0.01,14.4,0.06
0.24,441.84,16.5,0.01,12.5,0.07
0.24,445.3,15.4,0.06,10,0.07
0.33,438.62,14.7,0.02,14.5,0.04
0.54,437.69,17.1,0.04,11,0.06
0.51,440.55,16.8,0.01,13,0.07
0.23,444.54,17.5,0.08,10.3,0.04
0.3,443.95,16.9,0.06,11.4,0.06
0.32,442.84,17.8,0.03,14.1,0.07
0.5,434.68,14.3,0.09,12.8,0.06
0.52,437.67,15.5,0.06,10.7,0.04
0.52,441.26,17.3,0.05,10.6,0.04
0.38,447.59,17,0.01,13.1,0.06
0.5,448.64,14.5,0.04,10.7,0.06
0.08,445.89,15.7,0.03,13.6,0.06
0.38,442.93,14.9,0.07,12.5,0.07
0.3,440.84,17.5,0.03,11.4,0.05
0.5,442.51,15.1,0.03,12,0.04
0.47,441.63,16,0.07,12.7,0.07
0.47,441.31,17.3,0.01,13.8,0.06
0.46,440.82,16.5,0.07,14.3,0.04
0.5,441.43,16.9,0.01,11.1,0.05
0.37,444.82,17.5,0.01,10.3,0.06
0.48,444.59,15.7,0.09,10.2,0.06
0.46,441.22,17.6,0.09,11.3,0.06
0.36,445.36,16.9,0.03,12.1,0.04
0.39,446.13,15.1,0.07,12.1,0.06
0.38,442.55,15.3,0.07,10.6,0.06
0.38,446.91,14.5,0.09,11.2,0.04
0.41,444.12,15.3,0.04,10.6,0.06
0.23,437.68,16.8,0.03,10.9,0.06
0.21,435.52,16.7,0.01,10.5,0.06
0.31,438.15,16.3,0.03,10.2,0.04
0.42,437.51,17.1,0.04,13.8,0.04
0.48,444.52,15.6,0.02,11.1,0.04
0.52,441.35,15.4,0.01,12.7,0.04
0.22,447.09,17.1,0.02,9.7,0.04
0.22,439.93,15.2,0.02,13.9,0.06
0.45,434.6,15.8,0.08,12.4,0.05
0.53,433.1,16.4,0.05,11,0.07
0.52,435.17,15.6,0.03,13,0.06
0.45,437.95,15.5,0.06,12.8,0.04
0.12,436.16,15.9,0.07,12.9,0.06
0.5,433.25,15.6,0.09,10.8,0.05
0.56,431.48,16.6,0.01,10.8,0.05
0.59,432.05,14.1,0.05,12.8,0.04
0.53,434.35,17.7,0.05,11.8,0.04
0.43,439.33,15,0.04,11.4,0.05
0.34,439.37,14.9,0.04,10.5,0.05
0.34,443.13,15.3,0.06,12.8,0.06
0.48,439.29,16.6,0.01,9.8,0.05
0.32,438.12,15,0.03,10.7,0.04
0.45,435.47,15.5,0.05,12.6,0.05
0.52,433.27,14,0.09,13.7,0.07
0.48,432.76,16.5,0.02,11.8,0.04
0.5,433.2,17.5,0.01,13.3,0.07
0.47,433.77,16.2,0.05,11,0.04
0.49,434.28,17.3,0.01,14,0.05
0.45,437.01,15.9,0.07,12.7,0.04
0.35,442.2,15.2,0.07,11.3,0.07
0.59,436.95,15.8,0.08,13.8,0.07
0.34,439.59,16.5,0.01,9.7,0.05
0.34,438.23,16.4,0.02,12.7,0.06
0.34,437.16,15,0.03,10.5,0.06
0.41,435.48,14.2,0.09,14.2,0.06
0.37,438.65,16.2,0.07,13,0.04
0.28,438.27,16.8,0.01,10.1,0.05
0.34,437.13,16,0.01,10.8,0.06
0.49,435.43,15.2,0.01,14.5,0.07
0.45,443.3,14.7,0.05,14.3,0.07
0.48,438.98,17.3,0.08,14.3,0.06
0.49,436.42,16.6,0.07,12.6,0.04
0.45,434.14,17,0.02,11.6,0.05
0.42,434.37,14.9,0.08,12.5,0.04
0.43,437.19,17.5,0.02,14.5,0.04
0.55,428.91,17.5,0.08,11.8,0.04
0.45,433.62,14.5,0.09,13.1,0.05
0.49,433.41,14.3,0.03,13.2,0.04
0.27,432.91,16.7,0.08,14.1,0.06
0.52,434.62,16,0.09,13.2,0.05
0.49,430.53,15.6,0.04,12.7,0.07
0.57,432.39,14.8,0.01,12.7,0.07
0.58,433.02,17.8,0.01,14.5,0.07
0.59,428.26,17.5,0.09,9.9,0.04
0.57,425.79,14.1,0.05,10.9,0.06
0.56,422.03,14.3,0.04,11.7,0.07
0.59,420.91,15.8,0.02,11.8,0.05
0.58,428.53,15.4,0.03,13.9,0.06
0.59,423.53,14.1,0.02,14.2,0.04
0.56,416.02,16.4,0.01,12.6,0.05
0.52,423.11,16.4,0.05,14.3,0.04
0.57,425.75,17.7,0.06,14.1,0.07
0.48,430.95,16.5,0.02,12,0.06
0.32,429.18,17.8,0.02,11.8,0.06
0.24,422.93,17.5,0.03,11,0.06
0.4,423.66,16.6,0.09,13.8,0.04
0.45,419.61,15.9,0.08,12.7,0.06
0.55,403.26,14.1,0.06,11.2,0.04
0.57,383.95,16.6,0.08,10.5,0.06
0.59,376.1,16.1,0.09,13.3,0.06
0.62,393.45,15.4,0.05,10.8,0.05
0.65,400.91,16.6,0.01,13.6,0.07
0.52,413.21,16.3,0.04,14.1,0.05
0.5,419.62,17.8,0.07,11.5,0.04
0.59,420.01,15.1,0.06,10.5,0.06
0.56,404.46,15.3,0.04,12.2,0.05
0.52,369.64,17.5,0.07,13.1,0.04
0.55,350.7,16.4,0.09,12.6,0.05
0.59,347.91,15.4,0.08,11.5,0.06
0.59,347.63,15.4,0.04,13.2,0.07
0.63,355.13,16.2,0.02,14.4,0.04
0.69,354.95,14.1,0.08,10.3,0.06
0.66,372.98,15.4,0.05,13.7,0.07
0.68,375.59,16.1,0.09,13.8,0.05
0.68,373.16,15.2,0.06,11.7,0.07
0.67,371.4,16.6,0.09,10.7,0.05
0.63,364.27,17.6,0.07,13.5,0.04
0.61,358.48,16.3,0.06,11.4,0.07
0.62,370.07,15.4,0.09,9.8,0.04
0.58,366.63,17,0.08,12.6,0.06
0.55,372.88,14.8,0.07,12.9,0.05
0.45,391.95,16,0.09,14.3,0.05
0.37,410.02,15.9,0.06,11.6,0.06
0.28,397.05,14,0.04,10.6,0.07
0.56,325.91,15.9,0.01,11.6,0.05
0.59,325.75,15.8,0.09,9.9,0.04
0.55,329.11,16.7,0.05,13.8,0.07
0.59,336.72,17.2,0.04,12.2,0.06
0.46,353.33,14.5,0.08,10.3,0.07
0.34,378.95,16.9,0.02,14,0.04
0.6,349.99,15.5,0.09,10.3,0.05
0.62,333.21,14.7,0.03,13.1,0.05
0.63,329.52,16,0.05,13.7,0.04
0.61,331.51,16.1,0.08,10.9,0.07
0.57,334.89,14.1,0.06,10.4,0.05
0.54,340.01,14.1,0.09,11.5,0.07
0.48,343.85,17.2,0.07,10.3,0.06
0.41,349.34,16.4,0.01,10.1,0.06
0.38,352.44,17.7,0.07,10,0.06
0.37,370.38,17.4,0.07,11.6,0.06
0.27,389.23,15.8,0.08,9.9,0.05
0.3,381.94,16.7,0.06,13.7,0.04
0.2,387.59,17,0.04,14.1,0.06
0.19,386.07,17.5,0.06,13.6,0.06
0.34,376.57,16.9,0.04,10.4,0.06
0.41,375.45,14.4,0.04,12.3,0.05
0.45,359.8,16.9,0.02,13.2,0.04
0.45,379.23,17.6,0.02,14.2,0.04
0.42,375.99,14.6,0.04,10,0.05
0.42,354.04,14.4,0.05,10.8,0.06
0.62,319.57,15.6,0.05,9.9,0.07
0.57,299.86,15,0.08,13.2,0.04
0.5,315.54,17.4,0.03,10.6,0.07
0.49,325.99,17,0.08,11.7,0.05
0.52,323.16,17.8,0.06,12.3,0.07
0.55,330.91,17.8,0.03,11.4,0.06
0.52,332.23,15.2,0.07,10.4,0.06
0.55,320.81,15.1,0.05,11.6,0.07
0.56,311.66,14.6,0.08,13.6,0.07
0.55,313.89,17.3,0.09,11.9,0.07
0.52,321.29,15.4,0.04,13.7,0.07
0.5,332.78,14.9,0.05,10.5,0.05
0.5,331.84,16,0.08,12.6,0.04
0.53,317.3,14.6,0.07,13.7,0.06
