Clearness,GHI,Vw,Iw,Ve,Ie,Clearness_F,GHI_F
0.56,353.06,15.69,0.05,11.05,0.03,0.61,325.65
0.52,345.83,15.73,0.05,11.15,0.04,0.60,330.98
0.47,353.7,15.93,0.08,11.19,0.03,0.67,317.26
0.56,335.98,15.19,0.08,10.92,0.02,0.68,317.46
0.52,340.58,15.34,0.08,10.82,0.02,0.65,311.71
0.45,340.58,15.45,0.05,10.79,0.03,0.67,313.25
0.51,343.4,15.22,0.08,11.09,0.02,0.62,304.45
0.58,332.42,15.17,0.04,10.77,0.03,0.55,312.99
0.52,341.88,15.39,0.07,10.70,0.03,0.52,311.30
0.19,380.22,16.85,0.08,12.15,0.04,0.61,314.90
0.48,352.95,15.60,0.05,11.11,0.03,0.58,300.01
0.47,340.66,15.54,0.08,10.82,0.02,0.67,301.60
0.52,315.84,13.99,0.07,10.03,0.04,0.57,308.37
0.59,302.01,13.48,0.04,9.89,0.02,0.62,313.04
0.59,301.03,13.48,0.07,9.51,0.02,0.57,313.05
0.6,310.23,14.18,0.04,10.02,0.03,0.60,320.54
0.55,327.49,14.81,0.08,10.54,0.03,0.59,336.54
0.52,335.09,14.95,0.06,10.56,0.04,0.64,331.21
0.59,324.23,14.41,0.08,10.19,0.02,0.67,325.00
0.61,329.52,14.63,0.08,10.43,0.04,0.63,325.46
0.6,319.43,14.53,0.06,10.41,0.04,0.60,306.31
0.62,312.6,13.89,0.05,10.13,0.03,0.59,304.53
0.59,323.95,14.57,0.05,10.18,0.02,0.58,316.81
0.56,334.45,15.00,0.04,10.47,0.03,0.58,324.35
0.6,334.77,14.97,0.06,10.71,0.01,0.54,303.28
0.62,350.53,15.79,0.06,11.30,0.04,0.64,308.97
0.38,376.13,16.70,0.05,11.87,0.02,0.62,316.33
0.5,356.16,15.84,0.09,11.47,0.03,0.65,314.39
0.64,322.98,14.78,0.07,10.22,0.03,0.59,324.61
0.58,331.5,15.07,0.06,10.71,0.03,0.64,317.20
0.52,339.2,15.46,0.06,10.85,0.03,0.60,305.70
0.52,342.9,15.52,0.05,10.79,0.04,0.58,285.94
0.49,352.29,15.64,0.05,11.08,0.02,0.55,298.77
0.48,342.15,15.29,0.07,10.87,0.04,0.55,315.44
0.53,341.49,15.20,0.04,10.88,0.04,0.52,315.39
0.6,338.46,15.17,0.07,10.75,0.04,0.54,312.19
0.62,342.91,15.30,0.07,10.82,0.02,0.59,307.40
0.59,348.5,15.66,0.08,11.29,0.03,0.63,296.34
0.64,320.81,14.51,0.05,10.33,0.02,0.63,305.59
0.66,326.28,14.45,0.06,10.38,0.01,0.64,308.32
0.58,346.44,15.57,0.05,10.88,0.02,0.63,300.10
0.48,360.82,16.20,0.07,11.40,0.04,0.61,293.94
0.44,370.16,16.43,0.07,11.93,0.03,0.66,301.65
0.44,376.72,16.94,0.06,12.06,0.04,0.56,291.57
0.44,375.16,16.70,0.07,11.74,0.03,0.56,301.71
0.54,353.55,15.74,0.07,11.09,0.03,0.68,309.73
0.59,345.35,15.65,0.05,11.00,0.03,0.68,306.80
0.55,357.13,15.85,0.08,11.36,0.03,0.68,315.59
0.48,376.34,17.15,0.06,11.73,0.03,0.68,319.83
0.37,396.82,17.68,0.05,12.45,0.04,0.66,315.37
0.34,397.01,17.59,0.09,12.63,0.03,0.62,307.45
0.53,383,17.36,0.09,12.14,0.02,0.60,303.78
0.59,379.53,17.12,0.06,11.95,0.02,0.58,314.31
0.59,367.83,16.53,0.05,11.81,0.02,0.62,324.54
0.7,328.89,14.73,0.07,10.40,0.02,0.69,324.79
0.7,317.98,14.41,0.07,10.19,0.02,0.71,330.72
0.66,328.01,14.55,0.05,10.30,0.03,0.69,327.90
0.65,337.49,15.16,0.08,10.83,0.04,0.70,323.15
0.66,339.57,15.17,0.08,10.70,0.04,0.70,331.26
0.64,343.72,15.41,0.07,10.73,0.02,0.60,335.10
0.62,357.02,16.05,0.09,11.32,0.02,0.58,334.70
0.55,371.7,16.51,0.05,11.61,0.02,0.63,327.62
0.45,395.23,17.93,0.08,12.45,0.04,0.71,316.64
0.45,401.66,18.26,0.06,12.85,0.03,0.70,328.08
0.57,373.29,17.01,0.06,11.83,0.04,0.75,336.81
0.62,354.6,16.09,0.06,11.45,0.02,0.76,340.58
0.17,402.1,18.21,0.08,12.63,0.02,0.73,331.75
0.35,404.63,18.08,0.08,12.69,0.03,0.69,326.15
0.33,421.57,19.00,0.06,13.10,0.03,0.63,323.05
0.37,415.98,18.87,0.09,13.03,0.04,0.62,314.54
0.48,384.37,17.42,0.08,12.02,0.02,0.61,318.30
0.67,335.52,15.01,0.05,10.77,0.02,0.65,330.56
0.66,346.54,15.50,0.05,11.13,0.02,0.73,325.83
0.66,337.95,15.23,0.06,10.57,0.04,0.80,318.98
0.69,333.49,15.05,0.04,10.60,0.03,0.79,326.34
0.65,353.38,15.68,0.06,11.07,0.03,0.72,337.79
0.54,372.34,16.50,0.07,11.72,0.03,0.69,339.60
0.53,391.16,17.70,0.07,12.20,0.04,0.70,332.51
0.48,387.77,17.46,0.09,12.23,0.04,0.74,331.66
0.58,368.12,16.69,0.09,11.50,0.02,0.77,334.55
0.55,382.68,17.36,0.09,12.28,0.03,0.75,333.76
0.55,392.91,17.67,0.05,12.56,0.04,0.81,330.23
0.5,414.51,18.59,0.08,12.89,0.03,0.82,341.72
0.53,411.2,18.30,0.06,13.06,0.03,0.81,350.21
0.38,432.68,19.50,0.06,13.51,0.04,0.80,343.52
0.54,421.46,19.10,0.07,13.45,0.03,0.80,340.05
0.51,432.9,19.68,0.06,13.83,0.04,0.77,351.25
0.43,440.67,19.56,0.10,13.93,0.03,0.73,351.69
0.61,421.11,19.14,0.06,13.42,0.04,0.72,344.12
0.59,431.17,19.46,0.06,13.52,0.02,0.73,332.00
0.6,428.46,19.39,0.08,13.29,0.04,0.73,332.77
0.58,428.24,18.99,0.06,13.36,0.03,0.75,336.41
0.58,422.15,18.77,0.09,13.17,0.03,0.75,345.41
0.51,424.62,19.20,0.07,13.53,0.03,0.67,357.16
0.34,436.52,19.68,0.07,13.68,0.05,0.73,363.67
0.32,437.73,19.64,0.06,13.96,0.04,0.77,349.00
0.43,434.41,19.58,0.10,13.72,0.02,0.78,359.51
0.48,432.02,19.50,0.06,13.72,0.03,0.77,351.07
0.56,422.74,18.74,0.09,13.13,0.04,0.76,343.37
0.65,395.93,17.95,0.07,12.50,0.03,0.77,339.46
0.72,363.43,16.23,0.07,11.74,0.02,0.74,332.36
0.66,388.48,17.51,0.06,12.22,0.04,0.72,342.64
0.62,401.89,17.94,0.08,12.82,0.04,0.76,354.35
0.59,399.95,17.99,0.09,12.83,0.04,0.77,355.25
0.59,404.86,18.12,0.08,12.99,0.03,0.71,359.13
0.54,411.69,18.44,0.09,13.10,0.04,0.72,359.43
0.67,402.17,18.17,0.08,12.71,0.03,0.72,364.50
0.53,428.77,19.43,0.06,13.69,0.04,0.68,358.25
0.39,442.75,20.03,0.09,14.05,0.04,0.74,362.88
0.45,431.17,19.44,0.09,13.59,0.04,0.73,360.02
0.45,440.13,19.70,0.07,13.99,0.04,0.77,364.16
0.38,440.72,20.04,0.09,13.69,0.04,0.66,373.10
0.34,441.04,19.98,0.06,13.90,0.03,0.73,365.50
0.46,440.31,19.53,0.09,13.98,0.03,0.77,369.07
0.59,433.18,19.56,0.06,13.84,0.03,0.73,376.88
0.57,427.66,19.49,0.08,13.65,0.03,0.77,387.78
0.55,435.16,19.65,0.10,13.58,0.04,0.74,383.44
0.59,428.7,19.52,0.08,13.48,0.03,0.66,382.17
0.59,431.21,19.63,0.06,13.55,0.03,0.70,383.26
0.5,437.32,19.51,0.07,13.67,0.03,0.69,386.02
0.44,428.77,19.23,0.09,13.63,0.04,0.68,387.21
0.58,414.92,18.81,0.08,13.06,0.03,0.67,387.78
0.61,419.82,18.80,0.06,13.06,0.04,0.69,389.74
0.57,423.38,19.29,0.08,13.30,0.04,0.72,390.62
0.55,437.32,19.77,0.09,13.84,0.04,0.72,395.26
0.53,438.15,19.91,0.10,13.69,0.03,0.72,396.87
0.55,426.52,18.92,0.09,13.46,0.02,0.71,400.81
0.55,426.36,19.08,0.05,13.62,0.03,0.68,397.19
0.37,425.51,19.14,0.09,13.28,0.03,0.69,400.21
0.53,419.35,19.10,0.07,13.01,0.04,0.72,403.26
0.58,429.05,19.46,0.06,13.29,0.04,0.74,407.59
0.62,429.45,19.04,0.09,13.62,0.03,0.73,408.60
0.45,446.05,20.12,0.06,14.15,0.04,0.75,401.76
0.52,437.38,19.83,0.09,13.74,0.04,0.76,397.97
0.48,439.53,19.98,0.06,13.82,0.03,0.71,396.62
0.55,428.95,19.10,0.09,13.62,0.03,0.63,394.32
0.45,438.41,19.85,0.08,13.66,0.05,0.67,390.91
0.53,435.42,19.44,0.06,13.81,0.03,0.72,397.43
0.59,443.58,20.07,0.06,13.82,0.03,0.75,399.86
0.59,439.66,19.96,0.08,13.97,0.03,0.69,410.23
0.61,441.5,19.73,0.07,14.00,0.04,0.73,417.41
0.55,448.02,19.92,0.07,13.94,0.03,0.68,414.70
0.53,448.23,20.35,0.09,14.04,0.03,0.73,417.13
0.49,447.11,20.15,0.09,14.15,0.05,0.73,414.99
0.59,440.63,19.86,0.08,14.00,0.04,0.73,417.44
0.51,442.11,19.65,0.06,13.90,0.03,0.64,414.87
0.59,435.33,19.39,0.06,13.75,0.04,0.63,410.26
0.52,441.77,19.84,0.08,13.77,0.04,0.68,403.82
0.54,438.05,19.60,0.06,13.86,0.04,0.79,404.94
0.39,445.73,20.06,0.06,14.16,0.03,0.72,404.54
0.41,444.55,19.84,0.07,14.16,0.03,0.75,405.86
0.45,448.83,20.21,0.08,14.30,0.04,0.71,406.88
0.48,443.2,19.82,0.08,13.99,0.04,0.69,405.79
0.6,436.34,19.43,0.10,13.55,0.03,0.66,408.98
0.55,446.27,20.17,0.09,14.05,0.05,0.66,410.48
0.26,454.06,20.22,0.06,14.12,0.04,0.65,413.20
0.51,439.26,19.58,0.08,13.95,0.04,0.66,411.67
0.55,439.56,19.55,0.07,14.01,0.03,0.62,411.51
0.54,441.88,19.70,0.07,13.73,0.04,0.77,411.55
0.41,443.32,20.11,0.09,13.79,0.03,0.73,412.29
0.54,438.43,19.97,0.08,13.60,0.03,0.71,409.18
0.39,440.77,19.96,0.09,13.81,0.04,0.68,413.36
0.34,440.79,20.03,0.06,13.86,0.04,0.68,415.96
0.45,441.82,19.98,0.10,14.01,0.05,0.67,415.35
0.48,442.93,19.67,0.07,14.05,0.03,0.66,414.82
0.45,446.37,20.00,0.07,14.03,0.03,0.68,418.20
0.33,446.44,20.22,0.10,13.80,0.05,0.71,420.43
0.47,448.91,20.41,0.08,14.05,0.05,0.67,422.78
0.5,448.04,20.03,0.06,14.01,0.03,0.62,425.23
0.35,446.71,19.85,0.08,13.82,0.03,0.64,426.10
0.18,445.77,20.15,0.08,13.79,0.03,0.65,428.38
0.32,442.64,19.67,0.09,14.04,0.04,0.68,426.10
0.44,441.26,20.04,0.06,13.81,0.04,0.75,423.34
0.35,448.42,20.17,0.08,14.10,0.05,0.75,421.36
0.52,439.91,19.91,0.10,13.63,0.03,0.70,421.79
0.52,441.78,19.99,0.06,13.74,0.03,0.72,420.43
0.49,443.53,19.69,0.06,14.12,0.04,0.74,420.23
0.41,440.93,19.80,0.08,13.65,0.03,0.79,420.19
0.47,440.36,19.76,0.08,13.98,0.03,0.74,423.19
0.48,442.47,20.15,0.08,14.06,0.03,0.77,424.77
0.48,443.47,20.14,0.09,13.79,0.03,0.77,423.28
0.38,444.47,19.81,0.07,14.14,0.04,0.78,422.97
0.29,447.02,20.34,0.09,13.93,0.03,0.72,420.67
0.34,443.89,19.77,0.08,13.74,0.04,0.73,419.61
0.32,441.52,19.76,0.06,13.82,0.04,0.75,420.87
0.23,446.73,20.12,0.06,13.96,0.03,0.75,421.12
0.27,445.34,19.92,0.08,14.10,0.04,0.77,423.71
0.34,447.91,20.40,0.08,14.19,0.04,0.84,423.45
0.38,445.48,19.97,0.09,13.92,0.05,0.84,422.04
0.44,438.9,19.62,0.08,13.70,0.03,0.76,421.25
0.32,443.92,19.77,0.09,14.11,0.04,0.71,422.73
0.21,440.06,19.80,0.07,13.63,0.05,0.74,421.92
0.16,435.31,19.72,0.07,13.89,0.04,0.73,422.26
0.38,437.56,19.84,0.08,13.93,0.04,0.71,422.71
0.51,440.34,20.04,0.07,13.94,0.03,0.74,424.93
0.52,435.51,19.31,0.06,13.52,0.04,0.69,424.85
0.53,434.95,19.49,0.08,13.53,0.04,0.67,422.62
0.36,440.78,19.63,0.06,13.96,0.03,0.72,421.77
0.54,436.95,19.48,0.09,13.62,0.03,0.70,421.43
0.45,437.27,19.43,0.07,13.75,0.04,0.69,422.87
0.12,439.38,19.95,0.07,13.93,0.04,0.73,422.37
0.11,438.95,19.88,0.10,13.99,0.03,0.73,425.33
0.2,441.12,19.81,0.07,13.64,0.04,0.74,422.90
0.25,440.7,19.90,0.10,13.63,0.03,0.71,421.87
0.16,439.49,19.86,0.10,13.77,0.03,0.68,422.24
0.22,437.6,19.63,0.09,13.54,0.04,0.74,422.86
0.1,439.08,19.88,0.06,13.99,0.03,0.71,420.94
0.42,439.51,19.81,0.10,13.85,0.04,0.75,423.71
0.51,437.65,19.88,0.07,13.64,0.03,0.73,425.60
0.37,436.2,19.52,0.06,13.65,0.05,0.75,428.88
0.27,439.06,19.95,0.08,13.61,0.04,0.75,427.20
0.52,442.72,19.75,0.08,13.89,0.03,0.76,426.11
0.49,441.77,19.60,0.08,13.89,0.04,0.81,422.73
0.3,444.97,20.21,0.09,13.95,0.04,0.77,423.58
0.34,445.53,19.93,0.08,13.90,0.04,0.70,424.50
0.38,442.06,19.91,0.06,13.70,0.03,0.70,426.01
0.38,444.91,20.25,0.07,13.98,0.03,0.70,425.46
0.41,439.79,19.86,0.07,13.88,0.04,0.69,424.61
0.4,436.34,19.80,0.07,13.78,0.04,0.68,425.09
0.53,439.3,19.59,0.08,13.70,0.04,0.67,424.23
0.51,436.6,19.42,0.07,13.73,0.05,0.71,425.22
0.36,438.95,19.68,0.08,13.65,0.03,0.77,424.22
0.27,441.05,19.68,0.08,14.06,0.03,0.64,423.10
0.2,440.59,19.71,0.07,14.05,0.03,0.74,422.85
0.3,439.52,19.67,0.09,13.71,0.03,0.71,422.69
0.32,440.45,19.85,0.08,13.96,0.04,0.79,423.40
0.49,441.91,19.76,0.06,14.08,0.05,0.73,422.72
0.38,445.51,20.06,0.07,13.89,0.04,0.71,422.01
0.48,445.08,19.87,0.07,13.93,0.03,0.71,424.93
0.47,434.63,19.68,0.09,13.60,0.04,0.71,425.28
0.44,433.39,19.64,0.09,13.79,0.04,0.62,424.28
0.53,431.74,19.62,0.07,13.40,0.03,0.66,425.04
0.55,430.23,19.18,0.08,13.46,0.03,0.60,423.05
0.33,435.98,19.86,0.08,13.70,0.04,0.67,422.29
0.33,444.97,19.78,0.09,13.82,0.03,0.71,423.10
0.49,439.34,19.53,0.08,13.65,0.05,0.71,424.10
0.52,436.07,19.81,0.07,13.83,0.02,0.67,421.91
0.55,433.52,19.60,0.07,13.60,0.04,0.68,422.71
0.42,435.3,19.57,0.06,13.72,0.03,0.67,420.53
0.31,432.03,19.67,0.08,13.54,0.03,0.71,422.14
0.48,430.2,19.51,0.07,13.73,0.04,0.73,419.12
0.54,428.7,19.15,0.09,13.65,0.04,0.76,421.86
0.35,439.01,19.69,0.06,13.69,0.02,0.81,421.44
0.3,441.09,19.85,0.09,13.64,0.03,0.79,421.98
0.3,440.45,19.96,0.06,13.94,0.03,0.72,422.54
0.48,439.2,19.93,0.06,13.87,0.03,0.72,422.50
0.52,435.58,19.83,0.09,13.78,0.03,0.78,423.50
0.48,438.48,19.54,0.10,13.79,0.03,0.78,422.09
0.47,439.12,19.80,0.08,13.99,0.03,0.76,419.52
0.48,434.95,19.44,0.09,13.68,0.04,0.71,420.77
0.52,433.05,19.26,0.07,13.62,0.03,0.60,421.77
0.46,435.62,19.46,0.07,13.55,0.03,0.73,421.01
0.45,434.85,19.80,0.06,13.54,0.02,0.74,420.04
0.38,438.08,19.79,0.09,13.78,0.04,0.76,417.41
0.41,435.62,19.74,0.08,13.89,0.04,0.75,417.50
0.43,435.63,19.63,0.06,13.80,0.02,0.66,416.98
0.44,438.38,19.53,0.06,13.99,0.03,0.68,416.68
0.49,441.26,19.71,0.09,13.81,0.03,0.70,417.23
0.56,438.99,19.61,0.09,13.70,0.04,0.72,418.08
0.33,438.67,19.85,0.06,13.65,0.04,0.67,417.40
0.38,435.4,19.72,0.07,13.85,0.03,0.71,418.64
0.33,438.36,19.74,0.08,13.94,0.02,0.72,417.51
0.32,435.64,19.34,0.09,13.56,0.04,0.69,419.61
0.48,431.69,19.23,0.09,13.64,0.03,0.68,418.37
0.52,432.37,19.29,0.08,13.55,0.02,0.69,420.55
0.54,433.56,19.40,0.08,13.54,0.04,0.69,419.40
0.51,434.6,19.62,0.07,13.68,0.03,0.63,420.51
0.48,438.28,19.51,0.09,13.74,0.03,0.63,421.07
0.43,435.38,19.31,0.09,13.51,0.04,0.71,421.16
0.38,431.52,19.44,0.06,13.73,0.04,0.65,419.49
0.39,436.92,19.77,0.06,13.62,0.03,0.67,416.45
0.28,436.02,19.49,0.10,13.69,0.04,0.66,417.57
0.31,432.6,19.54,0.08,13.48,0.03,0.70,419.97
0.33,432.87,19.24,0.09,13.80,0.02,0.68,418.84
0.42,428.95,19.27,0.09,13.65,0.03,0.69,417.72
0.46,428.38,19.41,0.09,13.39,0.03,0.70,418.12
0.59,426.65,19.16,0.06,13.22,0.03,0.72,418.06
0.55,427.17,19.29,0.07,13.48,0.04,0.71,416.04
0.54,425.34,18.86,0.07,13.40,0.03,0.70,413.26
0.45,426.47,19.43,0.07,13.60,0.03,0.68,415.63
0.45,428.91,19.18,0.09,13.47,0.03,0.62,414.58
0.15,429.9,19.44,0.07,13.38,0.03,0.64,415.13
0.38,433.78,19.67,0.06,13.74,0.03,0.59,413.24
0.55,430.16,19.27,0.06,13.32,0.04,0.61,411.87
0.55,427.51,19.45,0.06,13.53,0.03,0.60,413.97
0.45,433.92,19.38,0.07,13.69,0.03,0.65,415.74
0.34,432.01,19.54,0.09,13.43,0.03,0.59,413.38
0.57,405.84,18.49,0.06,12.71,0.02,0.68,414.11
0.59,408.73,18.26,0.06,13.04,0.04,0.60,414.67
0.58,408.01,18.09,0.08,12.88,0.04,0.64,415.41
0.46,432.8,19.34,0.07,13.67,0.04,0.70,418.54
0.49,426.27,19.05,0.09,13.40,0.04,0.67,411.42
0.12,427.8,19.43,0.08,13.50,0.04,0.62,408.46
0.17,430.92,19.37,0.07,13.59,0.03,0.64,408.02
0.66,393.48,17.81,0.08,12.47,0.02,0.63,401.21
0.59,399.87,18.21,0.09,12.83,0.02,0.61,405.36
0.43,412.41,18.61,0.07,13.10,0.04,0.62,408.32
0.43,421.65,18.91,0.08,13.07,0.04,0.57,408.85
0.48,412.21,18.74,0.06,12.84,0.04,0.56,410.87
0.54,383.68,17.48,0.06,12.08,0.04,0.58,408.28
0.5,384.75,17.25,0.08,12.26,0.02,0.57,406.18
0.54,380.83,17.31,0.08,11.97,0.02,0.53,401.26
0.49,392.95,17.93,0.08,12.44,0.03,0.48,393.26
0.48,385.18,17.52,0.05,12.24,0.03,0.55,399.37
0.59,375.35,16.69,0.08,11.76,0.03,0.55,399.79
0.64,371.48,16.86,0.09,11.93,0.03,0.56,405.92
0.68,370.87,16.62,0.05,11.55,0.02,0.61,403.35
0.67,380,17.23,0.07,12.09,0.04,0.63,402.05
0.68,379.62,16.98,0.08,11.96,0.03,0.55,398.66
0.63,376.5,16.97,0.07,11.86,0.02,0.55,398.18
0.65,380,16.84,0.08,12.04,0.02,0.53,399.00
0.62,377,17.21,0.06,11.83,0.04,0.54,400.06
0.62,374.62,17.02,0.06,11.77,0.02,0.61,402.20
0.64,369.02,16.38,0.07,11.78,0.02,0.59,403.70
0.64,360.99,16.02,0.07,11.51,0.02,0.60,404.57
0.66,364.72,16.39,0.06,11.52,0.04,0.60,407.85
0.62,369.51,16.52,0.09,11.50,0.02,0.58,394.65
0.45,387.6,17.59,0.07,12.32,0.02,0.58,383.13
0.16,399.05,18.04,0.07,12.60,0.03,0.61,379.97
0.24,401.84,18.02,0.06,12.81,0.04,0.57,375.02
0.39,405.38,18.48,0.07,12.66,0.02,0.55,376.40
0.3,423.85,18.95,0.06,13.56,0.04,0.59,387.78
0.55,398.73,18.16,0.07,12.68,0.03,0.57,389.27
0.52,380.91,16.88,0.09,12.26,0.02,0.58,395.13
0.59,349.13,15.75,0.05,11.16,0.02,0.52,406.03
0.59,326.95,14.75,0.08,10.63,0.02,0.50,408.38
0.56,334.89,14.80,0.07,10.66,0.03,0.58,397.53
0.57,339.11,15.41,0.07,10.60,0.03,0.59,379.11
0.56,337,14.88,0.08,10.73,0.02,0.57,391.89
0.55,335.85,15.29,0.05,10.52,0.03,0.53,389.68
0.52,343.96,15.19,0.06,10.73,0.03,0.50,383.98
0.47,338.31,15.27,0.06,10.58,0.02,0.51,384.96
0.49,336.96,14.96,0.08,10.62,0.02,0.59,387.56
0.53,333.8,14.73,0.06,10.50,0.03,0.56,375.09
0.6,330.87,14.64,0.07,10.76,0.02,0.56,373.64
0.66,333.16,14.85,0.07,10.58,0.03,0.59,379.50
0.62,331.55,14.98,0.06,10.47,0.02,0.56,374.82
0.58,332.51,15.09,0.08,10.72,0.02,0.52,371.75
0.58,334.75,14.81,0.07,10.49,0.02,0.60,370.79
0.56,335.05,15.21,0.07,10.64,0.02,0.61,365.48
0.57,350.2,15.62,0.06,10.96,0.04,0.59,364.92
0.3,385.39,17.15,0.05,12.29,0.03,0.55,366.07
0.23,394.39,17.84,0.09,12.38,0.02,0.54,373.71
0.27,416.38,18.60,0.06,13.03,0.04,0.57,376.71
0.44,406.99,18.37,0.09,12.82,0.03,0.56,366.77
0.56,377.5,16.91,0.08,11.88,0.02,0.49,357.08
0.52,352.7,15.71,0.05,11.25,0.02,0.50,347.02
0.59,350.56,15.57,0.09,10.94,0.02,0.52,343.05
0.6,344.29,15.56,0.05,11.06,0.03,0.50,348.21
0.56,326.29,14.65,0.05,10.44,0.03,0.56,350.65
0.52,324.45,14.31,0.08,10.47,0.03,0.55,364.01
0.5,343.8,15.23,0.06,10.89,0.03,0.60,357.86
0.2,374.11,16.59,0.08,12.02,0.03,0.63,347.30
0.25,371.07,16.48,0.06,11.80,0.04,0.62,329.67
0.47,353.74,16.06,0.07,11.21,0.03,0.63,328.88
0.55,353.73,15.92,0.05,11.33,0.04,0.62,344.73
0.49,340.34,15.25,0.07,11.05,0.04,0.59,347.53
0.49,330.06,15.03,0.08,10.45,0.04,0.56,339.84
0.53,328.41,14.77,0.06,10.57,0.03,0.61,342.83
0.57,312.23,13.98,0.04,9.99,0.03,0.59,338.18
0.6,317.32,14.09,0.05,10.35,0.04,0.57,333.54
0.59,323.94,14.56,0.05,10.28,0.03,0.58,335.40
0.61,331.36,14.74,0.08,10.76,0.03,0.62,339.78
0.62,341.48,15.20,0.08,11.04,0.04,0.61,326.57
0.66,325.34,14.72,0.07,10.60,0.03,0.64,314.62
0.62,337.27,14.96,0.08,10.81,0.02,0.64,318.96
0.59,332.8,14.81,0.07,10.75,0.02,0.62,317.38
0.55,309.26,13.90,0.06,9.82,0.03,0.56,325.73
0.41,322.36,14.72,0.08,10.51,0.01,0.54,331.06
0.47,324.05,14.42,0.07,10.42,0.01,0.52,317.35
0.63,300.68,13.41,0.07,9.45,0.03,0.51,317.54
0.57,305.55,13.71,0.04,9.63,0.02,0.53,311.79
0.52,321.79,14.54,0.06,10.28,0.03,0.61,313.34
0.55,315.24,14.19,0.07,10.05,0.03,0.60,304.53
0.54,319.53,14.23,0.08,10.22,0.03,0.66,313.07
0.39,344.12,15.36,0.08,10.92,0.04,0.68,311.38
0.37,349.54,15.68,0.05,11.06,0.04,0.65,314.98
0.34,355.83,16.13,0.07,11.15,0.02,0.67,300.10
0.34,352.15,16.05,0.06,11.12,0.03,0.62,301.68
0.45,340.82,15.07,0.08,10.89,0.04,0.55,308.45
0.49,328.45,14.81,0.08,10.31,0.03,0.52,313.13
0.52,328.26,14.81,0.05,10.58,0.04,0.61,313.14
0.55,321.16,14.70,0.06,10.20,0.03,0.58,320.62
0.61,315.55,14.41,0.07,10.28,0.02,0.67,336.63
0.55,326.05,14.45,0.04,10.29,0.03,0.57,331.29
0.57,322.48,14.52,0.05,10.29,0.04,0.62,325.09
0.56,330.62,15.03,0.06,10.48,0.02,0.57,325.55
0.58,321.09,14.56,0.06,10.19,0.02,0.60,306.39
0.52,339.21,15.31,0.05,10.73,0.02,0.59,304.61
0.56,326.01,14.66,0.06,10.46,0.04,0.64,316.89
0.55,320.68,14.20,0.06,10.12,0.01,0.66,324.43
0.56,320.08,14.28,0.05,10.21,0.03,0.63,303.37
0.56,320.4,14.22,0.08,10.43,0.02,0.60,309.05
0.57,322.65,14.56,0.07,10.34,0.02,0.59,316.42
0.58,321.51,14.40,0.07,10.21,0.03,0.58,314.47
0.54,337.35,14.96,0.08,10.60,0.02,0.58,324.69
0.42,344.55,15.31,0.05,11.00,0.02,0.54,317.28
0.45,350.77,15.52,0.06,11.24,0.02,0.64,305.79
0.41,357.48,16.00,0.08,11.32,0.04,0.62,286.03
0.55,356.49,16.19,0.09,11.13,0.04,0.65,298.85
0.55,363.52,16.34,0.09,11.46,0.04,0.59,315.53
0.6,347.38,15.48,0.06,11.19,0.03,0.64,315.47
0.61,354.05,15.96,0.05,11.34,0.02,0.60,312.27
0.54,369.4,16.47,0.09,11.85,0.04,0.57,307.48
0.46,373.51,16.81,0.06,11.85,0.03,0.55,296.43
0.4,368.86,16.65,0.08,11.91,0.03,0.55,305.67
0.55,331.86,15.12,0.08,10.68,0.03,0.52,308.41
0.66,329.7,15.00,0.08,10.68,0.03,0.53,300.18
0.52,356.24,16.27,0.07,11.17,0.03,0.59,294.03
0.55,360.29,16.45,0.05,11.55,0.02,0.63,301.73
0.65,330.16,14.75,0.06,10.32,0.02,0.63,291.66
0.67,324.56,14.41,0.05,10.25,0.04,0.64,301.79
0.59,341.34,15.39,0.08,10.81,0.04,0.63,309.81
0.59,349.17,15.61,0.06,11.22,0.03,0.61,306.88
0.6,355.92,15.94,0.07,11.17,0.02,0.66,315.67
0.48,369.62,16.74,0.07,11.77,0.03,0.56,319.91
0.48,370.4,16.80,0.08,11.94,0.02,0.56,315.45
0.53,360.99,16.35,0.05,11.44,0.03,0.68,307.53
0.57,373.37,16.69,0.06,11.65,0.02,0.67,303.86
0.58,371.72,16.50,0.08,11.65,0.03,0.68,314.39
0.52,385.86,17.60,0.05,12.40,0.04,0.67,324.62
0.58,381.59,17.33,0.09,12.26,0.04,0.66,324.87
0.59,371.41,16.74,0.05,11.76,0.03,0.62,330.80
0.55,377.04,16.97,0.09,11.79,0.02,0.60,327.99
0.55,375.84,17.04,0.07,11.98,0.03,0.58,323.24
0.58,376.16,17.05,0.09,12.09,0.02,0.62,331.34
0.64,377.05,16.92,0.08,11.76,0.03,0.69,335.18
0.65,370.67,16.72,0.07,11.59,0.03,0.71,334.78
0.56,393.23,17.84,0.05,12.42,0.04,0.69,327.70
0.58,394.05,17.53,0.08,12.44,0.03,0.70,316.73
0.72,348.41,15.71,0.07,11.17,0.03,0.70,328.16
0.68,344.81,15.56,0.08,10.91,0.02,0.60,336.89
0.61,368.09,16.61,0.05,11.84,0.03,0.58,340.66
0.67,355.12,16.08,0.08,11.27,0.03,0.63,331.84
0.67,355.64,15.82,0.09,11.19,0.03,0.71,326.23
0.54,378.13,17.15,0.09,12.12,0.03,0.70,323.13
0.58,378.3,17.07,0.09,11.91,0.03,0.75,314.63
0.6,369.75,16.72,0.07,11.83,0.02,0.76,318.38
0.51,398.19,17.90,0.06,12.70,0.04,0.73,330.64
0.38,421.02,19.07,0.10,13.23,0.02,0.69,325.92
0.61,393.38,17.85,0.06,12.21,0.02,0.63,319.07
0.66,381.49,17.36,0.07,11.97,0.03,0.62,326.42
0.67,366,16.33,0.08,11.45,0.03,0.61,337.87
0.66,362.31,16.20,0.09,11.34,0.03,0.65,339.68
0.61,376.47,17.01,0.07,12.11,0.03,0.72,332.59
0.54,400.1,17.75,0.09,12.61,0.04,0.80,331.75
0.49,417.09,18.62,0.06,13.25,0.03,0.79,334.64
0.48,427.22,19.28,0.07,13.29,0.04,0.72,333.84
0.51,412.7,18.75,0.09,13.15,0.04,0.69,330.31
0.48,416.11,18.60,0.07,12.90,0.04,0.70,341.81
0.52,408.87,18.22,0.08,12.84,0.03,0.74,350.29
0.54,407.93,18.57,0.06,12.92,0.03,0.77,343.60
0.53,410.77,18.66,0.08,13.13,0.03,0.75,340.14
0.52,416.45,18.80,0.09,13.14,0.03,0.81,351.34
0.41,420.54,18.87,0.06,13.27,0.03,0.82,351.77
0.54,402.55,18.25,0.09,12.86,0.03,0.81,344.21
0.32,410.07,18.51,0.08,13.10,0.03,0.80,332.08
0.56,410.26,18.33,0.06,13.13,0.03,0.80,332.85
0.6,395.8,17.89,0.08,12.37,0.03,0.77,336.49
0.55,403.44,18.34,0.07,12.66,0.03,0.73,345.49
0.49,411.39,18.35,0.06,12.75,0.04,0.72,357.25
0.42,416.3,18.87,0.06,13.28,0.03,0.72,363.75
0.56,409.13,18.16,0.07,12.77,0.02,0.73,349.08
0.48,419.19,18.67,0.08,13.03,0.03,0.75,359.60
0.57,414.15,18.45,0.07,13.00,0.04,0.75,351.15
0.49,420.77,19.16,0.09,13.13,0.02,0.67,343.45
0.57,418.73,19.03,0.07,13.19,0.04,0.73,339.54
0.6,411.1,18.61,0.06,12.85,0.03,0.77,332.44
0.61,425.17,18.99,0.06,13.51,0.03,0.78,342.72
0.66,393.47,17.48,0.07,12.38,0.03,0.77,354.43
0.6,414.73,18.89,0.05,13.06,0.04,0.76,355.33
0.5,432.77,19.65,0.09,13.66,0.03,0.77,359.21
0.58,418.54,18.79,0.08,13.28,0.04,0.74,359.52
0.6,428.02,19.48,0.07,13.40,0.04,0.72,364.58
0.6,430.05,19.46,0.09,13.52,0.03,0.76,358.33
0.53,438.32,19.82,0.06,13.62,0.03,0.77,362.97
0.41,438.73,19.71,0.07,13.81,0.03,0.71,360.11
0.57,426.73,19.30,0.08,13.51,0.03,0.72,364.25
0.63,414.52,18.64,0.08,12.96,0.04,0.72,373.18
0.52,430.38,19.28,0.06,13.57,0.04,0.68,365.58
0.44,424.18,19.21,0.09,13.50,0.02,0.74,369.16
0.58,406.61,18.41,0.08,12.98,0.04,0.73,376.96
0.45,414.05,18.70,0.06,13.02,0.03,0.77,387.87
0.46,427.52,19.46,0.06,13.26,0.04,0.65,383.52
0.36,419.38,18.68,0.05,13.19,0.04,0.73,382.25
0.5,411.27,18.73,0.09,13.04,0.03,0.77,383.35
0.38,417.53,18.71,0.07,13.36,0.04,0.73,386.10
0.51,416.15,18.79,0.07,13.20,0.03,0.77,387.29
0.5,423.86,19.20,0.06,13.55,0.04,0.74,387.86
0.51,439.17,19.65,0.09,13.66,0.04,0.66,389.82
0.55,434.83,19.68,0.09,13.77,0.03,0.70,390.71
0.47,435.63,19.75,0.07,13.70,0.04,0.69,395.34
0.53,433.33,19.44,0.07,13.75,0.04,0.68,396.96
0.44,437.18,19.79,0.07,13.84,0.03,0.67,400.89
0.27,435.12,19.82,0.10,13.85,0.03,0.69,397.27
0.46,434.96,19.60,0.07,13.67,0.03,0.72,400.29
0.55,416.88,18.73,0.07,13.21,0.04,0.71,403.35
0.38,428.04,19.48,0.07,13.51,0.03,0.72,407.67
0.48,414.48,18.60,0.05,12.90,0.03,0.71,408.69
0.52,420.45,18.77,0.09,13.21,0.04,0.68,401.85
0.34,434.4,19.54,0.07,13.57,0.03,0.68,398.05
0.5,426.01,19.18,0.09,13.20,0.04,0.72,396.71
0.38,438.61,19.87,0.09,13.82,0.03,0.74,394.40
0.52,431.59,19.66,0.07,13.53,0.05,0.73,391.00
0.43,438.1,19.43,0.08,13.85,0.03,0.75,397.51
0.47,437.23,19.59,0.08,13.66,0.03,0.75,399.94
0.34,446.78,20.32,0.08,14.09,0.03,0.71,410.31
0.37,438.18,19.68,0.08,13.82,0.03,0.62,417.49
0.37,441.31,20.01,0.07,13.66,0.03,0.67,414.79
0.37,445.8,20.09,0.07,13.83,0.03,0.72,417.21
0.55,431.8,19.25,0.08,13.37,0.03,0.75,415.08
0.61,423.26,18.93,0.08,13.47,0.03,0.69,417.52
0.52,433.27,19.52,0.08,13.76,0.03,0.72,414.95
0.49,430.14,19.14,0.07,13.34,0.03,0.68,410.34
0.47,437.38,19.52,0.10,13.88,0.02,0.73,403.90
0.39,434.99,19.74,0.08,13.87,0.05,0.73,405.02
0.23,438.66,19.56,0.06,13.84,0.04,0.73,404.62
0.53,431.99,19.18,0.07,13.37,0.03,0.64,405.95
0.43,436.98,19.56,0.09,13.76,0.03,0.63,406.96
0.43,440.45,19.81,0.07,14.05,0.03,0.68,405.87
0.32,440.96,19.93,0.08,13.97,0.03,0.79,409.06
0.58,441.42,19.65,0.07,13.96,0.03,0.72,410.56
0.61,440.13,19.70,0.10,13.69,0.03,0.75,413.28
0.52,441.01,19.79,0.10,13.65,0.04,0.71,411.75
0.49,443.14,19.82,0.09,14.04,0.04,0.69,411.59
0.44,446.85,20.29,0.08,14.00,0.05,0.65,411.63
0.34,450.41,20.13,0.09,14.21,0.05,0.65,412.37
0.31,450.05,20.38,0.10,14.15,0.04,0.65,409.26
0.49,447.77,20.15,0.07,13.86,0.03,0.66,413.44
0.48,448.12,20.33,0.06,14.00,0.04,0.62,416.04
0.56,457.43,20.80,0.08,14.43,0.04,0.77,415.43
0.48,452.09,20.42,0.08,14.32,0.03,0.73,414.90
0.48,454.05,20.67,0.07,14.29,0.04,0.71,418.28
0.55,449.16,20.37,0.08,14.29,0.03,0.68,420.51
0.45,451.3,20.10,0.08,14.31,0.03,0.68,422.87
0.37,451.69,20.24,0.07,14.01,0.05,0.66,425.31
0.45,445.29,19.96,0.09,14.04,0.03,0.66,426.18
0.55,440.09,20.03,0.07,13.82,0.04,0.68,428.46
0.37,446.43,20.30,0.09,14.19,0.03,0.71,426.18
0.23,451.61,20.47,0.10,14.01,0.03,0.67,423.43
0.11,450.59,20.48,0.08,14.11,0.05,0.61,421.45
0.25,453.5,20.15,0.07,14.14,0.05,0.63,421.87
0.41,440.25,19.79,0.07,13.79,0.03,0.65,420.51
0.47,435.88,19.78,0.07,13.57,0.05,0.67,420.31
0.47,438.81,19.66,0.09,13.83,0.04,0.75,420.27
0.56,440.04,19.92,0.08,13.97,0.04,0.75,423.27
0.4,447.69,20.31,0.06,13.88,0.03,0.70,424.85
0.41,446.35,20.33,0.08,14.03,0.03,0.72,423.37
0.27,443.91,20.17,0.08,14.15,0.03,0.74,423.05
0.23,442.64,19.94,0.07,13.75,0.04,0.79,420.75
0.32,446.01,20.10,0.10,13.85,0.04,0.74,419.70
0.45,448.52,20.06,0.09,14.06,0.03,0.77,420.95
0.55,444.45,19.97,0.09,13.98,0.05,0.77,421.20
0.45,444.68,20.09,0.07,13.95,0.04,0.77,423.80
0.4,445.35,19.82,0.10,14.03,0.05,0.72,423.53
0.33,443.55,20.03,0.08,13.83,0.04,0.73,422.12
0.47,445.06,19.76,0.07,14.11,0.03,0.75,421.34
0.48,441.79,20.10,0.06,13.83,0.04,0.75,422.82
0.41,440.65,19.60,0.08,13.71,0.03,0.77,422.00
0.53,441.64,20.01,0.08,13.91,0.05,0.84,422.34
0.43,443.92,20.19,0.08,14.00,0.05,0.84,422.79
0.42,444.45,20.08,0.06,13.81,0.04,0.76,425.01
0.43,442.94,20.02,0.10,13.71,0.04,0.71,424.93
0.46,446.13,20.11,0.10,14.13,0.04,0.74,422.70
0.6,446.54,20.00,0.09,13.92,0.04,0.73,421.86
0.48,446.02,19.79,0.10,13.83,0.04,0.71,421.51
0.41,444.3,20.21,0.07,14.17,0.04,0.74,422.95
0.26,444.97,19.85,0.06,13.89,0.05,0.69,422.45
0.21,441.21,19.86,0.09,13.67,0.03,0.67,425.41
0.22,443.26,19.66,0.08,13.79,0.04,0.72,422.98
0.29,441.25,20.01,0.06,14.07,0.04,0.70,421.95
0.15,444.22,19.91,0.08,13.99,0.04,0.69,422.33
0.2,441.98,19.84,0.08,14.10,0.04,0.73,422.94
0.35,442.16,19.79,0.09,13.97,0.04,0.73,421.02
0.4,442.2,19.70,0.09,13.99,0.03,0.74,423.80
0.34,441.63,20.04,0.07,13.87,0.03,0.71,425.68
0.24,443.52,19.74,0.07,13.84,0.03,0.68,428.96
0.19,441.55,20.01,0.08,13.94,0.03,0.74,427.28
0.32,441.05,20.00,0.06,14.02,0.04,0.71,426.19
0.34,449.17,20.04,0.07,14.26,0.03,0.75,422.81
0.45,445.75,20.22,0.07,13.80,0.04,0.73,423.66
0.37,447.98,20.16,0.08,14.17,0.04,0.75,424.58
0.4,440.95,20.03,0.07,13.79,0.03,0.75,426.09
0.41,438.52,19.49,0.09,13.77,0.04,0.76,425.55
0.49,431.71,19.39,0.07,13.57,0.04,0.81,424.69
0.48,439.34,19.98,0.06,13.77,0.04,0.77,425.17
0.55,437.32,19.52,0.09,13.77,0.05,0.70,424.31
0.52,437.58,19.78,0.09,13.88,0.04,0.70,425.30
0.43,438.26,19.58,0.06,13.62,0.03,0.70,424.30
0.48,440.47,19.83,0.08,13.95,0.04,0.69,423.19
0.47,440.48,19.82,0.07,14.03,0.03,0.68,422.93
0.41,438.81,19.52,0.08,13.86,0.04,0.67,422.78
0.52,435.61,19.54,0.08,13.64,0.02,0.70,423.48
0.54,437.88,19.90,0.10,13.55,0.05,0.77,422.80
0.54,441.34,19.70,0.07,13.76,0.03,0.64,422.09
0.2,443.45,19.87,0.07,13.87,0.03,0.74,425.01
0.4,437.05,19.44,0.07,13.53,0.04,0.71,425.37
0.47,438.51,19.70,0.06,13.81,0.04,0.79,424.36
0.41,443.78,19.84,0.07,13.76,0.03,0.73,425.12
0.45,445.41,20.20,0.09,13.82,0.04,0.71,423.13
0.31,441.58,19.78,0.06,13.83,0.05,0.71,422.38
0.45,442.22,19.89,0.06,13.87,0.03,0.71,423.18
0.52,437.41,19.86,0.09,13.91,0.04,0.62,424.18
0.41,438.42,19.48,0.07,13.89,0.04,0.66,421.99
0.44,435.98,19.39,0.08,13.57,0.02,0.60,422.79
0.48,437.23,19.39,0.08,13.92,0.03,0.67,420.61
0.5,440.85,19.75,0.10,13.95,0.03,0.70,422.23
0.44,441.05,19.81,0.07,13.81,0.04,0.71,419.21
0.49,435.52,19.60,0.07,13.91,0.04,0.67,421.94
0.26,437.97,19.47,0.07,13.84,0.05,0.68,421.53
0.42,437.4,19.40,0.08,13.70,0.04,0.67,422.06
0.46,440.68,19.70,0.07,13.98,0.02,0.71,422.62
0.47,441.79,19.80,0.08,13.83,0.04,0.73,422.59
0.43,435.45,19.74,0.09,13.63,0.04,0.76,423.59
0.46,433.83,19.29,0.07,13.83,0.03,0.81,422.17
0.51,431.34,19.25,0.07,13.50,0.04,0.79,419.61
0.52,426.23,19.25,0.07,13.56,0.04,0.72,420.85
0.47,430.05,19.58,0.08,13.47,0.03,0.72,421.85
0.36,437.1,19.70,0.09,13.57,0.03,0.78,421.09
0.48,433.9,19.39,0.09,13.67,0.04,0.78,420.12
0.4,436.69,19.89,0.09,13.60,0.04,0.76,417.49
0.49,433.39,19.52,0.09,13.75,0.04,0.71,417.58
0.43,433.3,19.26,0.06,13.61,0.04,0.60,417.07
0.53,428.89,19.22,0.07,13.47,0.03,0.73,416.77
0.57,426.54,19.14,0.07,13.53,0.03,0.74,417.31
0.61,423.67,18.92,0.08,13.51,0.02,0.76,418.16
0.59,426.04,18.88,0.07,13.43,0.03,0.75,417.48
0.3,431.14,19.55,0.08,13.45,0.04,0.66,418.72
0.41,429.08,19.40,0.06,13.58,0.02,0.68,417.59
0.37,428.88,19.27,0.10,13.51,0.03,0.70,419.69
0.59,423.05,18.84,0.09,13.30,0.04,0.72,418.46
0.56,428.94,19.25,0.06,13.58,0.04,0.67,420.63
0.44,430.23,19.32,0.09,13.69,0.03,0.71,419.48
0.4,436.4,19.42,0.07,13.62,0.04,0.72,420.59
0.53,426.54,19.16,0.07,13.57,0.03,0.69,421.15
0.52,426.05,19.10,0.06,13.29,0.03,0.68,421.24
0.55,421.49,19.21,0.08,13.36,0.04,0.68,419.58
0.59,409.78,18.55,0.09,13.10,0.03,0.69,416.54
0.64,404.99,18.35,0.06,12.57,0.02,0.63,417.66
0.64,410.06,18.30,0.07,12.81,0.03,0.63,420.05
0.59,412.31,18.55,0.08,12.90,0.03,0.70,418.92
0.56,412.57,18.70,0.06,13.19,0.03,0.65,417.80
0.55,408.56,18.42,0.07,13.02,0.02,0.67,418.20
0.56,401.4,17.81,0.09,12.62,0.03,0.66,418.15
0.55,402.39,18.31,0.09,12.89,0.04,0.70,416.13
0.57,403.12,18.29,0.09,12.93,0.03,0.67,413.35
0.55,402.29,18.14,0.07,12.52,0.02,0.69,415.71
0.42,414.2,18.71,0.08,12.90,0.03,0.70,414.66
0.2,419.2,18.65,0.06,13.24,0.04,0.72,415.21
0.17,418.06,18.97,0.07,13.09,0.03,0.71,413.32
0.1,434.09,19.46,0.08,13.60,0.05,0.69,411.95
0.52,409.41,18.26,0.07,12.80,0.03,0.67,414.05
0.59,392.94,17.47,0.06,12.25,0.04,0.62,415.82
0.59,383.81,17.29,0.07,12.34,0.02,0.64,413.46
0.58,377.94,16.83,0.06,12.11,0.04,0.59,414.19
0.57,392.17,17.75,0.06,12.25,0.04,0.61,414.75
0.55,400.14,17.77,0.06,12.45,0.04,0.60,415.49
0.57,400.2,17.86,0.09,12.45,0.04,0.65,418.62
0.55,389.47,17.24,0.08,12.15,0.02,0.59,411.50
0.57,387.73,17.48,0.08,12.37,0.03,0.68,408.54
0.56,389.23,17.67,0.08,12.28,0.03,0.60,408.10
0.52,399.02,17.92,0.06,12.54,0.02,0.64,401.29
0.62,362.38,16.17,0.05,11.51,0.02,0.69,405.44
0.62,366.8,16.46,0.06,11.48,0.03,0.67,408.41
0.61,369.95,16.73,0.06,11.68,0.04,0.62,408.93
0.46,394.34,17.97,0.08,12.33,0.04,0.64,410.96
0.41,403.96,17.95,0.06,12.72,0.04,0.63,408.36
0.42,409.84,18.43,0.09,12.89,0.04,0.61,406.26
0.57,404.79,18.32,0.05,12.81,0.03,0.61,401.34
0.62,392.8,17.65,0.09,12.54,0.03,0.57,393.34
0.62,397.05,17.88,0.06,12.65,0.03,0.55,399.45
0.61,395.12,17.88,0.07,12.69,0.02,0.58,399.88
0.55,395.02,17.95,0.08,12.36,0.03,0.57,406.00
0.51,406.32,18.34,0.06,12.84,0.04,0.53,403.43
0.53,398.94,18.08,0.06,12.53,0.02,0.48,402.13
0.4,399.19,17.82,0.09,12.61,0.04,0.55,398.74
0.51,371.59,16.59,0.07,11.61,0.04,0.55,398.27
0.56,353.96,16.09,0.08,11.39,0.04,0.56,399.08
0.55,357.88,16.16,0.07,11.36,0.02,0.61,400.15
0.62,361.59,16.44,0.08,11.60,0.03,0.63,402.29
0.62,357.9,15.94,0.06,11.46,0.03,0.55,403.78
0.55,365.87,16.59,0.09,11.53,0.02,0.54,404.66
0.48,370.37,16.41,0.09,11.67,0.03,0.53,407.93
0.49,373.02,16.62,0.08,11.65,0.03,0.54,394.73
0.56,372.59,16.64,0.07,11.80,0.03,0.61,383.21
0.5,376.31,16.77,0.07,11.77,0.03,0.59,380.05
0.55,353.72,15.83,0.08,11.30,0.03,0.59,375.10
0.53,355.74,15.85,0.07,11.39,0.03,0.60,376.49
0.52,361.4,16.13,0.06,11.48,0.03,0.58,387.86
0.52,357.2,16.15,0.08,11.44,0.02,0.58,389.36
0.49,352.62,15.85,0.07,11.20,0.03,0.61,395.21
0.52,347.9,15.42,0.07,11.08,0.02,0.56,406.11
0.51,355.13,16.05,0.08,11.07,0.03,0.54,408.46
0.55,358.39,16.01,0.07,11.19,0.03,0.59,397.62
0.59,354.89,15.99,0.05,11.33,0.02,0.57,379.20
0.55,379.85,17.17,0.06,11.89,0.04,0.58,391.97
0.65,364.38,16.33,0.05,11.47,0.04,0.52,389.76
0.59,373.39,16.71,0.08,11.61,0.03,0.50,384.07
0.48,379.56,17.11,0.06,12.20,0.02,0.58,385.04
0.49,357.27,16.23,0.08,11.53,0.02,0.59,387.64
0.48,352.23,15.75,0.08,11.10,0.03,0.57,375.17
0.39,346.78,15.69,0.07,11.21,0.02,0.53,373.72
0.47,342.76,15.33,0.07,10.75,0.03,0.50,379.59
0.49,341.38,15.38,0.06,10.66,0.04,0.51,374.90
0.46,343.95,15.43,0.07,11.13,0.02,0.59,371.83
0.5,334.89,15.26,0.07,10.53,0.02,0.56,370.88
0.47,335.98,15.07,0.05,10.91,0.02,0.56,365.56
0.58,321.4,14.22,0.08,10.07,0.02,0.59,365.00
0.63,321.19,14.54,0.05,10.48,0.01,0.56,366.15
0.58,341.8,15.54,0.07,10.86,0.02,0.52,373.79
0.57,355.7,15.86,0.08,11.09,0.03,0.60,376.79
0.59,350.96,15.96,0.06,11.11,0.03,0.60,366.85
0.57,347.41,15.73,0.08,10.99,0.03,0.59,357.16
0.62,333.88,15.27,0.05,10.43,0.03,0.55,347.11
0.37,382.01,17.01,0.05,12.14,0.02,0.54,343.13
0.15,392.67,17.42,0.06,12.35,0.04,0.57,348.29
0.12,388.57,17.33,0.09,12.22,0.03,0.56,350.73
0.6,332.59,15.17,0.06,10.65,0.02,0.49,364.09
0.43,344.99,15.74,0.06,11.16,0.02,0.50,357.94
0.48,318.97,14.15,0.08,10.02,0.02,0.52,347.38
0.48,323.18,14.58,0.07,10.24,0.02,0.50,329.76
0.55,313.62,14.27,0.06,10.02,0.03,0.56,328.96
0.55,316.16,14.15,0.06,10.23,0.03,0.55,344.82
0.55,317.65,14.49,0.04,10.07,0.04,0.60,347.62
0.54,310.12,14.17,0.08,9.72,0.02,0.63,339.92
0.51,314.05,14.04,0.05,10.04,0.02,0.62,342.91
0.56,297.19,13.57,0.04,9.74,0.01,0.63,338.26
0.53,300.31,13.45,0.04,9.67,0.01,0.62,333.63
0.59,311.97,13.88,0.05,10.08,0.03,0.59,335.48
0.6,312.07,14.23,0.04,9.88,0.03,0.56,339.86
0.63,312.58,14.04,0.05,9.99,0.01,0.61,326.65
0.63,311.42,13.88,0.08,9.86,0.03,0.59,314.71
0.58,314.59,14.25,0.04,9.88,0.03,0.57,319.04
0.46,324.04,14.34,0.07,10.55,0.03,0.58,317.47
0.58,313.62,14.27,0.07,10.21,0.03,0.61,325.82
0.66,315.16,14.22,0.07,9.90,0.02,0.61,331.14
0.66,317.34,14.27,0.05,10.08,0.02,0.63,317.43
0.56,327.12,14.80,0.07,10.30,0.02,0.64,317.63
0.5,328.05,14.84,0.05,10.54,0.03,0.62,311.87
0.53,323.04,14.30,0.06,10.11,0.02,0.56,313.42
0.52,322.68,14.23,0.05,10.39,0.02,0.54,304.61
0.56,318.32,14.24,0.04,9.96,0.03,0.52,313.16
0.62,318.38,14.37,0.08,10.13,0.02,0.50,311.47
0.47,346.27,15.34,0.06,10.99,0.02,0.53,315.06
0.55,324.66,14.57,0.07,10.15,0.02,0.61,300.18
0.6,312.7,13.93,0.04,10.05,0.03,0.60,301.76
0.57,320.86,14.44,0.08,10.15,0.03,0.66,308.54
0.54,323.06,14.62,0.08,10.21,0.02,0.68,313.21
0.52,321.42,14.35,0.06,10.06,0.02,0.65,313.22
0.5,330.61,15.05,0.05,10.50,0.02,0.66,320.71
0.51,334.52,14.91,0.05,10.86,0.03,0.62,336.71
0.56,329.62,14.80,0.08,10.50,0.02,0.55,331.37
0.57,337.29,15.29,0.07,10.68,0.04,0.51,325.17
0.54,346.41,15.68,0.08,11.05,0.03,0.61,325.63
0.52,350.78,15.73,0.05,11.27,0.02,0.58,306.47
0.39,388.16,17.21,0.05,12.43,0.03,0.66,304.69
0.48,373.11,16.63,0.06,11.74,0.04,0.57,316.98
0.43,369.41,16.81,0.08,11.66,0.03,0.62,324.51
0.52,335.22,15.13,0.06,10.62,0.04,0.56,303.45
0.66,304.41,13.91,0.08,9.93,0.03,0.60,309.13
0.62,316.79,14.29,0.06,10.22,0.03,0.59,316.50
0.6,327.09,14.93,0.08,10.36,0.02,0.63,314.55
0.63,328.56,14.53,0.05,10.32,0.02,0.66,324.78
0.61,336.99,15.39,0.06,10.65,0.04,0.63,317.37
0.62,335.73,15.22,0.08,10.56,0.04,0.60,305.87
0.59,330.16,14.60,0.07,10.53,0.02,0.59,286.11
0.58,338.53,15.25,0.06,10.91,0.04,0.58,298.93
0.52,365.24,16.57,0.07,11.37,0.03,0.57,315.61
0.38,381.92,17.16,0.07,11.87,0.02,0.54,315.55
0.38,388.02,17.68,0.06,12.10,0.04,0.64,312.35
0.63,314.67,14.11,0.08,10.10,0.02,0.62,307.57
0.66,317.44,14.48,0.05,10.30,0.02,0.64,296.51
0.62,326.66,14.94,0.04,10.44,0.03,0.59,305.75
0.64,340.92,15.16,0.05,10.79,0.02,0.64,308.49
0.61,350.89,15.78,0.07,11.02,0.02,0.60,300.26
0.59,366.85,16.70,0.07,11.44,0.02,0.57,294.11
0.44,373.68,16.71,0.08,12.01,0.03,0.55,301.82
0.51,360.96,16.02,0.09,11.40,0.02,0.55,291.74
0.62,331.14,14.71,0.06,10.77,0.02,0.52,301.88
0.61,351.01,15.58,0.06,11.05,0.03,0.53,309.90
0.6,379.78,17.04,0.07,12.10,0.02,0.59,306.97
0.64,360.18,16.05,0.06,11.59,0.03,0.63,315.76
0.6,383.94,17.22,0.09,12.34,0.04,0.63,320.00
0.61,386.77,17.30,0.05,12.01,0.03,0.64,315.54
0.66,377.9,17.08,0.07,12.16,0.03,0.63,307.62
0.49,389.45,17.50,0.05,12.44,0.03,0.61,303.95
0.44,404.45,18.43,0.07,12.80,0.04,0.66,314.47
0.36,406.72,18.08,0.06,12.73,0.03,0.56,324.71
0.29,399.02,17.70,0.06,12.80,0.03,0.56,324.95
0.67,324.02,14.76,0.04,10.19,0.03,0.67,330.89
0.66,326.24,14.61,0.05,10.21,0.03,0.67,328.07
0.61,359.88,16.06,0.08,11.21,0.03,0.68,323.32
0.35,405.94,18.33,0.08,12.93,0.03,0.67,331.42
0.36,406.99,18.32,0.06,13.01,0.02,0.65,335.27
0.48,385.78,17.19,0.08,12.13,0.03,0.62,334.87
0.49,377.66,16.82,0.06,11.98,0.04,0.60,327.78
0.68,341.95,15.14,0.06,10.87,0.03,0.58,316.81
0.65,346.6,15.66,0.05,11.18,0.02,0.62,328.25
0.52,393.59,17.48,0.07,12.62,0.02,0.69,336.97
0.58,391.56,17.83,0.07,12.58,0.04,0.71,340.74
0.66,383.8,17.08,0.05,12.31,0.04,0.69,331.92
0.64,397.18,17.95,0.07,12.44,0.02,0.70,326.31
0.61,402.55,18.07,0.07,12.92,0.03,0.70,323.21
0.46,418.23,18.80,0.06,13.19,0.02,0.60,314.71
0.53,402.09,17.96,0.07,12.54,0.03,0.58,318.46
0.59,399.1,17.83,0.05,12.66,0.03,0.63,330.73
0.48,394.87,17.65,0.06,12.59,0.04,0.71,326.00
0.59,386.47,17.12,0.05,12.32,0.03,0.70,319.15
0.68,361.37,16.31,0.06,11.49,0.03,0.75,326.51
0.65,384,17.10,0.08,12.05,0.04,0.76,337.96
0.59,418.16,18.71,0.06,13.29,0.04,0.73,339.77
0.67,386.38,17.30,0.06,12.12,0.04,0.69,332.67
0.71,349.41,15.67,0.07,10.98,0.03,0.63,331.83
0.67,373.34,16.66,0.05,11.96,0.03,0.62,334.72
0.55,402.52,18.30,0.06,12.58,0.04,0.61,333.92
0.55,405.55,18.28,0.07,12.60,0.03,0.65,330.39
0.59,394.02,17.68,0.07,12.26,0.03,0.72,341.89
0.54,415.07,18.53,0.07,13.21,0.04,0.79,350.38
0.45,432.95,19.21,0.08,13.81,0.03,0.79,343.68
0.58,421.97,18.77,0.06,13.29,0.04,0.72,340.22
0.6,413.23,18.71,0.06,13.08,0.02,0.69,351.42
0.51,423.66,18.89,0.07,13.40,0.04,0.70,351.85
0.55,412.34,18.60,0.08,13.03,0.04,0.74,344.29
0.48,426.8,19.41,0.09,13.22,0.04,0.77,332.17
0.33,427.75,19.42,0.09,13.26,0.04,0.75,332.94
0.51,417.41,18.69,0.10,13.30,0.04,0.81,336.57
0.55,407.92,18.23,0.08,12.82,0.03,0.82,345.58
0.52,408.97,18.33,0.08,13.00,0.04,0.81,357.33
0.55,413.59,18.52,0.05,13.02,0.04,0.80,363.83
0.39,432.15,19.63,0.08,13.48,0.03,0.80,349.16
0.46,424.17,18.82,0.05,13.17,0.05,0.77,359.68
0.51,422.67,19.03,0.07,13.37,0.02,0.73,351.24
0.53,429.98,19.31,0.09,13.46,0.03,0.72,343.54
0.55,432.68,19.24,0.07,13.49,0.03,0.72,339.63
0.53,438.72,19.95,0.07,13.81,0.03,0.73,332.53
0.52,437.83,19.75,0.07,13.81,0.03,0.75,342.80
0.55,421.49,19.17,0.08,13.05,0.05,0.75,354.52
0.52,413.41,18.63,0.06,13.11,0.02,0.67,355.41
0.39,419.66,19.04,0.09,13.11,0.03,0.73,359.30
0.63,401.4,17.81,0.09,12.69,0.02,0.77,359.60
0.56,420.06,18.87,0.08,13.10,0.04,0.77,364.67
0.62,406.58,18.32,0.09,12.92,0.04,0.77,358.41
0.58,415.12,18.44,0.06,12.96,0.03,0.76,363.05
0.6,415.58,18.91,0.09,12.92,0.04,0.77,360.19
0.62,430.01,19.33,0.07,13.70,0.04,0.74,364.33
0.52,441.3,19.77,0.09,13.68,0.03,0.72,373.26
0.54,443.16,19.84,0.06,14.00,0.04,0.76,365.67
0.66,431.54,19.33,0.08,13.40,0.04,0.77,369.24
0.66,429.68,19.40,0.09,13.70,0.02,0.71,377.05
0.63,435.69,19.67,0.09,13.79,0.03,0.72,387.95
0.61,426.57,19.36,0.06,13.31,0.03,0.72,383.61
0.45,439.34,19.71,0.08,13.91,0.03,0.68,382.34
0.1,439.89,19.93,0.06,13.98,0.04,0.74,383.43
0.22,433.38,19.31,0.07,13.42,0.04,0.73,386.19
0.59,424.98,19.15,0.08,13.57,0.04,0.77,387.38
0.66,411.82,18.71,0.08,12.79,0.04,0.65,387.94
0.67,404.77,18.11,0.06,12.85,0.02,0.73,389.91
0.63,426.48,19.12,0.08,13.22,0.04,0.77,390.79
0.62,442.03,20.09,0.07,13.69,0.04,0.73,395.43
0.61,438.59,19.98,0.06,13.77,0.04,0.77,397.04
0.62,451.84,20.20,0.08,14.12,0.04,0.73,400.97
0.49,447.87,20.28,0.08,14.18,0.04,0.66,397.36
0.49,450.2,20.06,0.08,14.03,0.03,0.70,400.37
0.6,438.23,19.86,0.07,13.79,0.05,0.69,403.43
0.53,441.62,19.74,0.09,14.06,0.04,0.68,407.76
0.62,431.58,19.56,0.06,13.38,0.05,0.67,408.77
0.59,446.59,19.81,0.07,14.13,0.04,0.69,401.93
0.61,448.92,20.22,0.07,14.25,0.04,0.72,398.14
0.57,444.01,19.84,0.07,13.95,0.04,0.71,396.79
0.56,440.87,19.63,0.06,14.02,0.03,0.72,394.48
0.57,438.03,19.71,0.06,13.91,0.04,0.70,391.08
0.48,447.16,20.28,0.07,14.15,0.04,0.68,397.59
0.43,439.41,19.69,0.10,13.84,0.03,0.68,400.02
0.45,443.72,19.76,0.08,13.75,0.04,0.72,410.39
0.37,440.36,20.00,0.09,13.75,0.03,0.74,417.58
0.62,429.02,19.05,0.07,13.34,0.03,0.73,414.87
0.61,432.48,19.22,0.09,13.65,0.04,0.75,417.30
0.59,435.61,19.71,0.08,13.72,0.04,0.75,415.16
0.59,433.2,19.69,0.09,13.63,0.03,0.71,417.60
0.58,432.8,19.26,0.06,13.66,0.03,0.62,415.03
0.48,439.33,19.82,0.09,13.86,0.05,0.67,410.43
0.51,435.18,19.78,0.06,13.65,0.03,0.72,403.98
0.28,445.78,20.21,0.10,14.21,0.03,0.74,405.11
0.47,435.09,19.46,0.09,13.60,0.03,0.69,404.70
0.43,444.14,19.70,0.09,13.82,0.03,0.72,406.03
0.14,444.67,20.01,0.10,14.05,0.04,0.68,407.04
0.34,441.91,19.84,0.09,13.78,0.04,0.73,405.96
0.42,435.67,19.42,0.06,13.64,0.03,0.73,409.14
0.46,440.03,19.62,0.09,13.70,0.05,0.72,410.65
0.58,440.22,19.64,0.06,13.76,0.03,0.64,413.36
0.54,441.23,19.68,0.08,13.85,0.04,0.63,411.83
0.52,440.44,19.56,0.08,13.92,0.04,0.68,411.68
0.53,444.61,19.72,0.08,14.18,0.04,0.79,411.72
0.55,443.5,20.20,0.07,13.79,0.04,0.72,412.45
0.52,450.66,20.32,0.08,14.09,0.04,0.75,409.34
0.41,458.2,20.41,0.08,14.44,0.04,0.71,413.53
0.6,454.03,20.16,0.10,14.12,0.04,0.69,416.12
0.46,454.34,20.34,0.07,14.46,0.04,0.65,415.51
0.45,452.47,20.14,0.07,14.12,0.03,0.65,414.98
0.54,452.48,20.22,0.07,14.39,0.03,0.65,418.36
0.46,449.77,20.04,0.08,13.97,0.04,0.66,420.60
0.39,445.46,19.94,0.06,14.05,0.04,0.62,422.95
0.41,443.33,20.07,0.08,13.76,0.04,0.77,425.39
0.53,442.69,19.86,0.08,13.91,0.05,0.73,426.27
0.53,444.37,20.21,0.09,13.99,0.05,0.71,428.55
0.57,444.09,20.12,0.08,14.15,0.04,0.68,426.27
0.45,447.91,20.33,0.08,14.20,0.03,0.68,423.51
0.24,447.79,19.89,0.07,14.14,0.03,0.66,421.53
0.35,448.86,20.28,0.07,14.13,0.04,0.65,421.95
0.34,451.92,20.25,0.09,14.22,0.04,0.68,420.59
0.47,446.3,20.31,0.08,14.14,0.05,0.71,420.40
0.45,447.7,20.07,0.06,14.05,0.03,0.67,420.36
0.4,447.06,20.17,0.10,14.07,0.04,0.61,423.36
0.38,450.74,20.16,0.09,14.29,0.03,0.63,424.94
0.48,450.56,20.32,0.08,14.15,0.03,0.65,423.45
0.49,449.44,20.44,0.06,13.96,0.05,0.67,423.13
0.27,446.99,19.84,0.09,14.25,0.03,0.75,420.84
0.33,446.93,19.94,0.08,13.98,0.03,0.75,419.78
0.34,447.55,20.13,0.10,14.17,0.03,0.69,421.04
0.35,444.64,19.75,0.07,14.05,0.05,0.72,421.29
0.33,446.4,20.26,0.06,13.91,0.04,0.74,423.88
0.22,447.09,20.03,0.08,13.95,0.04,0.79,423.61
0.37,448.05,20.13,0.10,13.90,0.04,0.74,422.21
0.34,444.62,19.78,0.08,13.83,0.03,0.77,421.42
0.42,442.24,20.08,0.09,13.76,0.03,0.76,422.90
0.45,442.33,20.10,0.07,14.05,0.04,0.77,422.08
0.47,445.35,19.75,0.06,13.79,0.05,0.72,422.42
0.56,442.28,19.69,0.10,13.77,0.04,0.72,422.88
0.47,445.79,20.23,0.09,13.82,0.05,0.75,425.09
0.58,441.03,19.73,0.09,14.02,0.03,0.75,425.01
0.55,442.18,19.77,0.07,13.71,0.04,0.77,422.78
0.58,434.8,19.67,0.06,13.68,0.04,0.84,421.94
0.52,434.87,19.36,0.08,13.83,0.02,0.84,421.60
0.52,437.95,19.49,0.09,13.89,0.03,0.76,423.03
0.36,444.43,19.97,0.06,13.97,0.04,0.71,422.54
0.37,445.16,19.93,0.10,13.98,0.03,0.74,425.50
0.19,445.9,19.88,0.09,13.85,0.04,0.72,423.07
0.38,441.86,19.74,0.07,13.89,0.04,0.71,422.03
0.48,439.43,19.90,0.06,13.66,0.04,0.74,422.41
0.43,438.65,19.72,0.09,13.81,0.04,0.69,423.02
0.46,434.55,19.37,0.10,13.86,0.04,0.67,421.11
0.45,437.58,19.72,0.09,13.72,0.05,0.71,423.88
0.45,441.66,19.96,0.09,13.94,0.03,0.69,425.77
0.45,444.98,19.78,0.09,13.94,0.03,0.69,429.04
0.45,448.35,20.31,0.09,14.00,0.04,0.73,427.36
0.47,453.61,20.22,0.06,14.35,0.04,0.73,426.28
0.53,446.77,20.31,0.08,13.83,0.03,0.74,422.89
0.35,447.19,20.25,0.09,13.84,0.03,0.71,423.75
0.38,442.38,19.63,0.06,13.81,0.03,0.68,424.66
0.16,443.46,20.11,0.09,13.78,0.04,0.74,426.18
0.49,443.34,19.70,0.06,13.92,0.03,0.71,425.63
0.51,448.46,20.37,0.08,13.95,0.04,0.75,424.77
0.46,447.98,20.20,0.09,13.95,0.03,0.73,425.25
0.31,446.65,20.06,0.07,14.10,0.04,0.75,424.39
0.3,442.84,19.90,0.09,14.12,0.04,0.75,425.38
0.17,441.2,19.63,0.08,14.01,0.04,0.76,424.38
0.33,441.33,19.61,0.08,13.85,0.04,0.81,423.27
0.35,444.62,20.25,0.09,13.99,0.03,0.77,423.02
0.24,444.94,20.09,0.09,13.99,0.03,0.70,422.86
0.38,442.59,20.11,0.09,13.95,0.03,0.70,423.56
0.45,443.63,20.03,0.06,13.93,0.03,0.70,422.88
0.48,439.65,19.54,0.08,13.65,0.04,0.69,422.18
0.51,435.95,19.34,0.09,13.75,0.03,0.67,425.09
0.45,440.44,19.62,0.09,13.89,0.04,0.67,425.45
0.44,439.69,19.62,0.08,13.80,0.05,0.70,424.44
0.39,439.01,19.86,0.09,13.69,0.04,0.77,425.20
0.41,438.36,19.95,0.09,13.65,0.04,0.64,423.22
0.55,434.67,19.50,0.06,13.49,0.05,0.74,422.46
0.53,438.58,19.52,0.09,13.89,0.04,0.71,423.27
0.51,438.19,19.65,0.08,13.62,0.03,0.79,424.27
0.55,437.46,19.82,0.10,13.55,0.04,0.73,422.07
0.58,435.59,19.48,0.07,13.90,0.04,0.71,422.87
0.46,433.38,19.60,0.08,13.75,0.04,0.71,420.70
0.51,439.41,20.01,0.08,13.76,0.04,0.71,422.31
0.51,443.98,19.99,0.09,13.85,0.05,0.62,419.29
0.39,439.79,19.75,0.08,13.68,0.03,0.65,422.03
0.35,437.8,19.68,0.08,13.54,0.03,0.60,421.61
0.45,436.58,19.70,0.08,13.82,0.04,0.66,422.14
0.44,440.39,19.83,0.07,13.86,0.04,0.70,422.71
0.44,437.66,19.67,0.06,13.81,0.04,0.71,422.67
0.33,440.54,19.62,0.08,13.84,0.03,0.66,423.67
0.45,440.7,20.06,0.07,13.92,0.03,0.68,422.25
0.45,440.17,19.77,0.07,13.84,0.03,0.66,419.69
0.38,443.2,20.16,0.09,13.77,0.02,0.71,420.94
0.36,440.73,19.94,0.10,13.69,0.03,0.73,421.93
0.27,437.85,19.84,0.10,13.97,0.03,0.76,421.17
0.44,438.16,19.56,0.08,13.91,0.04,0.81,420.20
0.52,440.07,19.73,0.10,13.66,0.04,0.79,417.57
0.49,433.05,19.28,0.07,13.82,0.03,0.72,417.66
0.52,430.33,19.45,0.10,13.74,0.02,0.72,417.15
0.56,428.49,19.21,0.06,13.32,0.04,0.78,416.85
0.59,427.23,19.38,0.08,13.34,0.04,0.77,417.39
0.6,425.05,19.35,0.06,13.21,0.02,0.76,418.24
0.5,429.32,19.31,0.06,13.62,0.04,0.71,417.56
0.54,431.81,19.44,0.10,13.67,0.03,0.60,418.80
0.41,429.14,19.28,0.09,13.37,0.03,0.73,417.68
0.33,428.83,19.18,0.10,13.60,0.04,0.74,419.77
0.16,425.54,18.88,0.09,13.50,0.02,0.76,418.54
0.25,427.62,19.00,0.09,13.63,0.04,0.74,420.71
0.32,422.34,18.86,0.09,13.48,0.03,0.66,419.57
0.18,420.23,18.75,0.06,13.31,0.03,0.68,420.67
0.27,419.46,18.76,0.08,13.14,0.02,0.70,421.24
0.3,422.05,19.08,0.07,13.12,0.03,0.72,421.32
0.46,427.52,19.20,0.06,13.48,0.04,0.67,419.66
0.55,427.23,19.40,0.09,13.42,0.04,0.71,416.62
0.27,431.34,19.12,0.08,13.46,0.03,0.72,417.74
0.32,428.77,19.22,0.10,13.70,0.03,0.69,420.13
0.54,421.45,19.03,0.09,13.15,0.03,0.68,419.00
0.46,428.05,19.35,0.06,13.60,0.04,0.68,417.89
0.32,421.73,18.76,0.06,13.18,0.04,0.69,418.28
0.44,425.08,19.23,0.09,13.32,0.02,0.63,418.23
0.37,421.09,19.16,0.06,13.44,0.04,0.63,416.21
0.43,423.73,19.18,0.06,13.48,0.04,0.70,413.43
0.55,417.79,18.80,0.05,13.00,0.03,0.65,415.79
0.57,407.98,18.19,0.08,12.82,0.04,0.67,414.74
0.55,406.8,18.03,0.09,12.79,0.03,0.66,415.30
0.57,409.26,18.13,0.06,12.84,0.03,0.69,413.40
0.58,410.84,18.55,0.07,12.94,0.03,0.67,412.03
0.56,416.77,18.55,0.07,13.11,0.04,0.68,414.14
0.55,424.6,18.86,0.06,13.47,0.03,0.69,415.91
0.57,416.29,18.70,0.08,13.02,0.04,0.72,413.54
0.59,411.14,18.42,0.07,12.77,0.04,0.71,414.28
0.56,412.58,18.47,0.09,13.17,0.02,0.69,414.83
0.45,422.55,19.09,0.08,13.40,0.04,0.67,415.57
0.52,417.36,18.86,0.07,13.01,0.03,0.62,418.71
0.27,424.27,19.11,0.07,13.32,0.04,0.64,411.58
0.12,414.84,18.51,0.06,13.14,0.04,0.59,408.62
0.14,419.56,18.60,0.09,13.16,0.02,0.61,408.18
0.3,424.72,18.83,0.08,13.57,0.04,0.60,401.37
0.49,408.64,18.46,0.05,13.07,0.02,0.65,405.52
0.58,388.84,17.31,0.09,12.45,0.03,0.59,408.49
0.59,380.37,16.96,0.07,12.06,0.04,0.68,409.02
0.59,389.81,17.49,0.05,12.46,0.03,0.60,411.04
0.46,399.01,17.93,0.05,12.73,0.03,0.64,408.44
0.55,392.78,17.82,0.05,12.55,0.03,0.69,406.35
0.62,386.14,17.62,0.08,12.19,0.04,0.67,401.43
0.59,403.38,18.20,0.07,12.52,0.03,0.62,393.43
0.62,397.08,17.78,0.06,12.67,0.04,0.64,399.54
0.54,384.81,17.34,0.06,12.04,0.03,0.63,399.96
0.48,377.54,16.88,0.07,11.99,0.03,0.61,406.08
0.52,371.3,16.58,0.06,11.64,0.03,0.61,403.52
0.24,396.99,17.82,0.06,12.48,0.04,0.57,402.21
0.07,412.63,18.77,0.07,12.94,0.04,0.55,398.82
0.46,407.51,18.38,0.07,12.80,0.03,0.58,398.35
0.66,391.03,17.66,0.06,12.54,0.02,0.56,399.16
0.59,379.96,16.81,0.05,12.17,0.04,0.53,400.23
0.55,364.97,16.52,0.05,11.59,0.03,0.48,402.37
0.61,370.99,16.79,0.07,11.67,0.03,0.55,403.86
0.62,389.43,17.37,0.06,12.34,0.03,0.55,404.74
0.57,386.89,17.35,0.09,12.34,0.04,0.56,408.01
0.55,371.34,16.84,0.06,11.86,0.02,0.61,394.81
0.54,371.22,16.61,0.07,11.88,0.03,0.63,383.30
0.56,361.52,16.08,0.07,11.33,0.03,0.55,380.14
0.56,359.44,15.89,0.06,11.46,0.02,0.54,375.19
0.55,356.64,16.23,0.05,11.19,0.02,0.53,376.57
0.55,356.12,16.10,0.07,11.46,0.03,0.54,387.94
0.48,367.44,16.63,0.07,11.85,0.03,0.61,389.44
0.47,364.23,16.14,0.07,11.50,0.04,0.59,395.30
0.41,376.91,16.95,0.05,11.73,0.03,0.59,406.19
0.47,377.13,16.79,0.07,11.93,0.03,0.60,408.54
0.54,371.53,16.55,0.06,11.62,0.03,0.58,397.70
0.62,366.53,16.59,0.05,11.54,0.04,0.58,379.28
0.58,373.07,17.02,0.07,11.70,0.03,0.61,392.05
0.55,373.55,16.58,0.06,11.66,0.02,0.56,389.85
0.52,361.17,16.24,0.05,11.51,0.02,0.54,384.15
0.55,352.7,15.89,0.08,11.22,0.02,0.58,385.13
0.52,339.17,15.34,0.06,10.60,0.03,0.57,387.72
0.52,331.48,14.72,0.06,10.64,0.02,0.58,375.25
0.64,334.66,14.89,0.05,10.61,0.02,0.52,373.81
0.62,350.73,15.77,0.08,11.07,0.03,0.50,379.67
0.55,366.11,16.62,0.07,11.57,0.02,0.58,374.98
0.53,371.08,16.91,0.08,11.64,0.04,0.59,371.92
0.53,360.59,16.36,0.09,11.33,0.03,0.57,370.96
0.51,348.51,15.57,0.05,11.09,0.03,0.53,365.64
0.38,364.37,16.11,0.05,11.38,0.03,0.50,365.09
0.36,366.12,16.31,0.05,11.43,0.04,0.50,366.24
0.4,363.37,16.21,0.05,11.40,0.03,0.58,373.87
0.44,366.34,16.44,0.07,11.63,0.02,0.56,376.88
0.49,369.45,16.44,0.07,11.67,0.02,0.56,366.93
0.51,383.42,17.45,0.07,12.11,0.03,0.59,357.25
0.4,367.93,16.62,0.07,11.48,0.04,0.56,347.19
0.55,314.16,14.03,0.05,9.86,0.01,0.51,343.22
0.54,308.97,13.73,0.05,10.04,0.02,0.60,348.38
0.47,316.01,14.34,0.08,10.20,0.02,0.60,350.82
0.23,349.48,15.74,0.08,11.11,0.04,0.59,364.18
0.26,361.81,16.04,0.05,11.30,0.04,0.55,358.03
0.33,361.13,16.09,0.06,11.54,0.03,0.53,347.47
0.41,344.8,15.41,0.07,10.87,0.03,0.57,329.84
0.38,350.38,15.87,0.07,11.21,0.02,0.56,329.05
0.23,380.43,16.93,0.08,12.00,0.03,0.49,344.90
0.35,353.7,15.75,0.07,11.13,0.04,0.50,347.70
0.52,301.46,13.37,0.06,9.78,0.01,0.52,340.01
0.63,298.34,13.29,0.08,9.52,0.01,0.50,343.00
0.55,302.25,13.34,0.08,9.59,0.02,0.56,338.35
0.62,309.84,13.68,0.05,10.04,0.03,0.55,333.71
0.53,339.18,15.45,0.05,10.80,0.03,0.60,335.57
0.48,347.48,15.82,0.06,11.17,0.03,0.63,339.95
0.3,369.02,16.60,0.05,11.68,0.04,0.62,326.74
0.44,370.77,16.54,0.07,11.89,0.03,0.63,314.79
0.27,362.39,16.54,0.09,11.35,0.03,0.61,319.13
0.57,310.02,14.18,0.05,9.85,0.03,0.58,317.55
0.34,339.26,15.01,0.05,10.96,0.03,0.56,325.90
0.46,352.56,15.85,0.05,11.41,0.02,0.61,331.23
0.24,375.95,16.89,0.07,12.10,0.02,0.59,317.51
0.45,342.54,15.64,0.06,10.87,0.03,0.57,317.71
0.48,316.99,14.31,0.05,10.17,0.02,0.58,311.96
0.55,309.27,14.12,0.07,9.96,0.03,0.61,313.50
0.59,313.55,13.95,0.06,10.21,0.02,0.61,304.70
0.57,324.27,14.84,0.04,10.36,0.03,0.63,313.24
0.54,336.3,15.16,0.05,10.54,0.04,0.63,311.55
0.54,343.74,15.46,0.06,10.97,0.03,0.62,315.15
0.54,339.95,15.45,0.05,10.72,0.02,0.56,300.26
0.57,338.78,15.04,0.05,10.91,0.03,0.54,301.84
0.32,369.77,16.74,0.06,11.50,0.02,0.51,308.62
0.48,335.8,14.97,0.07,10.78,0.04,0.50,313.29
0.59,312.22,13.89,0.07,9.92,0.02,0.53,313.30
0.58,329.97,14.88,0.06,10.57,0.03,0.61,320.79
0.33,362.05,16.47,0.06,11.53,0.03,0.60,336.79
0.64,308.18,13.84,0.05,9.73,0.02,0.66,331.46
0.6,305.23,13.69,0.06,9.60,0.03,0.68,325.25
0.55,314.66,14.25,0.08,10.28,0.02,0.65,325.71
0.48,322.57,14.73,0.07,10.33,0.03,0.66,306.56
0.46,350.37,15.83,0.07,11.19,0.04,0.62,304.78
0.23,391.12,17.47,0.08,12.21,0.04,0.55,317.06
0.22,390.41,17.61,0.08,12.47,0.03,0.51,324.60
0.49,336.48,15.19,0.05,10.54,0.04,0.61,303.53
0.55,328.08,14.81,0.07,10.41,0.02,0.58,309.22
0.59,320.25,14.42,0.04,10.06,0.02,0.66,316.58
0.6,310.09,14.05,0.07,9.84,0.03,0.57,314.64
0.61,327.99,14.77,0.05,10.50,0.02,0.62,324.86
0.52,350.27,15.76,0.06,11.16,0.02,0.56,317.45
0.55,339.22,15.32,0.06,10.91,0.03,0.60,305.95
0.26,364.26,16.63,0.05,11.70,0.02,0.59,286.19
0.19,379.87,17.00,0.07,11.94,0.02,0.63,299.02
0.55,350.59,15.80,0.07,11.05,0.03,0.66,315.69
0.58,312.64,13.97,0.06,10.05,0.03,0.63,315.64
0.62,317.51,14.15,0.04,10.32,0.02,0.60,312.43
0.63,325.76,14.76,0.07,10.22,0.03,0.59,307.65
0.58,335.73,15.12,0.08,10.76,0.03,0.58,296.59
0.55,350.32,15.61,0.06,11.31,0.02,0.57,305.84
0.61,342.95,15.37,0.06,10.91,0.03,0.54,308.57
0.55,349.87,15.58,0.08,11.32,0.02,0.64,300.35
0.52,352.64,15.91,0.06,11.41,0.03,0.62,294.19
0.54,348.4,15.73,0.05,10.97,0.03,0.64,301.90
0.53,350.77,15.69,0.05,11.03,0.02,0.59,291.82
0.43,366.42,16.66,0.05,11.81,0.03,0.64,301.96
0.52,360.55,16.31,0.05,11.36,0.03,0.60,309.98
0.59,359.06,16.19,0.06,11.27,0.03,0.57,307.05
0.39,384.74,17.23,0.05,11.99,0.03,0.55,315.84
0.25,394.96,17.72,0.06,12.29,0.04,0.55,320.08
0.23,388.97,17.58,0.07,12.29,0.02,0.52,315.62
0.43,372.37,16.90,0.07,11.65,0.03,0.53,307.70
0.47,357.89,15.98,0.07,11.16,0.03,0.59,304.03
0.6,347.53,15.44,0.06,11.05,0.04,0.63,314.56
0.65,350.17,15.89,0.07,11.35,0.03,0.63,324.79
0.6,355.63,15.73,0.08,11.32,0.03,0.64,325.04
0.49,370.86,16.51,0.06,11.93,0.04,0.63,330.97
0.45,386.91,17.62,0.05,12.44,0.02,0.61,328.15
0.38,394.98,18.02,0.08,12.32,0.03,0.65,323.40
0.39,397.99,17.93,0.06,12.66,0.02,0.56,331.51
0.47,393.18,17.48,0.08,12.41,0.04,0.56,335.35
0.39,402.02,18.15,0.09,12.81,0.03,0.67,334.95
0.58,382.16,17.43,0.08,11.94,0.04,0.67,327.86
0.65,349.95,15.50,0.08,11.18,0.03,0.68,316.89
0.65,359.18,16.06,0.08,11.34,0.03,0.67,328.33
0.5,398.62,17.83,0.08,12.64,0.02,0.65,337.06
0.47,416.82,18.95,0.05,12.93,0.02,0.62,340.83
0.53,401.34,17.95,0.05,12.57,0.02,0.60,332.00
0.48,395,17.88,0.06,12.59,0.04,0.57,326.40
0.39,395.75,17.62,0.06,12.35,0.03,0.62,323.30
0.58,388.69,17.62,0.05,12.35,0.03,0.69,314.79
0.55,386.8,17.48,0.06,12.04,0.03,0.71,318.54
0.57,378.98,17.01,0.06,12.18,0.04,0.69,330.81
0.56,375.47,16.97,0.06,11.76,0.04,0.70,326.08
0.58,381.8,17.09,0.09,12.17,0.03,0.70,319.23
0.6,383.49,17.01,0.08,12.14,0.03,0.60,326.59
0.54,388.71,17.36,0.07,12.36,0.03,0.58,338.04
0.48,387.08,17.15,0.07,12.11,0.04,0.63,339.85
0.59,388.57,17.54,0.06,12.19,0.03,0.71,332.76
0.57,387.68,17.52,0.08,12.24,0.03,0.70,331.91
0.61,394.58,17.87,0.09,12.46,0.04,0.75,334.80
0.66,390.91,17.80,0.08,12.42,0.02,0.76,334.01
0.65,402.79,17.86,0.08,12.67,0.04,0.73,330.48
0.7,385.3,17.36,0.06,12.31,0.04,0.68,341.97
0.7,377.32,16.94,0.06,11.78,0.04,0.63,350.46
0.68,371.47,16.60,0.08,11.73,0.02,0.62,343.77
0.66,390.14,17.37,0.06,12.43,0.02,0.61,340.30
0.59,403.97,18.06,0.06,12.75,0.03,0.65,351.50
0.59,400.07,17.82,0.05,12.84,0.04,0.72,351.94
0.65,368.91,16.82,0.05,11.91,0.02,0.79,344.37
0.63,379.44,17.09,0.08,12.13,0.03,0.79,332.25
0.69,369.44,16.81,0.07,11.56,0.04,0.72,333.02
0.68,385.62,17.55,0.05,12.03,0.04,0.69,336.65
0.55,412.02,18.76,0.08,12.91,0.04,0.70,345.66
0.64,394.25,17.94,0.07,12.47,0.03,0.74,357.41
0.62,398.11,17.96,0.08,12.39,0.02,0.77,363.92
0.57,414.8,18.83,0.07,12.97,0.02,0.75,349.25
0.55,416.47,18.54,0.09,12.90,0.03,0.81,359.76
0.49,426.38,19.02,0.08,13.25,0.03,0.82,351.32
0.56,413.48,18.79,0.07,13.13,0.04,0.81,343.62
0.36,425.36,19.27,0.09,13.30,0.02,0.80,339.71
0.56,419.62,18.89,0.09,13.12,0.03,0.80,332.61
0.59,423.76,19.27,0.07,13.23,0.05,0.77,342.89
0.48,429.11,19.31,0.09,13.32,0.04,0.73,354.60
0.59,419.86,18.83,0.06,13.33,0.02,0.71,355.49
0.55,426.31,19.29,0.06,13.36,0.04,0.72,359.38
0.21,428.28,19.10,0.07,13.53,0.03,0.72,359.68
0.45,416.33,18.68,0.08,13.08,0.03,0.75,364.75
0.34,420.81,18.92,0.07,13.27,0.02,0.75,358.50
0.38,428.45,19.05,0.06,13.54,0.04,0.67,363.13
0.4,420.66,18.97,0.07,13.29,0.03,0.73,360.27
0.34,413.8,18.38,0.09,12.89,0.02,0.77,364.41
0.47,419.45,18.68,0.07,13.04,0.02,0.77,373.35
0.4,414.69,18.54,0.07,13.24,0.03,0.76,365.75
0.48,416.54,18.62,0.07,13.01,0.04,0.76,369.32
0.48,418.32,18.97,0.08,13.30,0.04,0.76,377.13
0.3,424.59,19.31,0.09,13.30,0.02,0.74,388.03
0.41,420.15,18.79,0.08,13.18,0.04,0.72,383.69
0.51,418.97,18.88,0.08,13.02,0.04,0.76,382.42
0.52,421.58,19.15,0.08,13.24,0.03,0.77,383.51
0.5,427.26,19.13,0.10,13.42,0.04,0.71,386.27
0.53,415.37,18.60,0.09,13.18,0.03,0.72,387.46
0.48,421.67,18.71,0.06,13.20,0.03,0.72,388.03
0.58,418.86,18.64,0.06,12.98,0.02,0.68,389.99
0.61,418.57,18.71,0.07,13.04,0.04,0.74,390.87
0.59,420.84,18.67,0.08,13.44,0.04,0.73,395.51
0.57,420.78,19.08,0.07,13.18,0.04,0.76,397.12
0.64,415.98,18.65,0.09,13.23,0.04,0.65,401.06
0.52,428.72,19.06,0.08,13.29,0.02,0.73,397.44
0.59,428.81,19.26,0.06,13.46,0.03,0.77,400.46
0.55,432.84,19.53,0.08,13.49,0.03,0.72,403.51
0.62,431.49,19.41,0.07,13.73,0.03,0.77,407.84
0.58,432.15,19.47,0.06,13.47,0.03,0.73,408.85
0.61,430.81,19.61,0.07,13.66,0.03,0.66,402.01
0.27,439.06,19.71,0.09,13.70,0.03,0.70,398.22
0.1,433.97,19.76,0.08,13.51,0.03,0.69,396.87
0.2,441.08,20.03,0.09,13.67,0.04,0.68,394.57
0.51,441.42,19.91,0.07,14.02,0.03,0.67,391.16
0.45,440.27,19.70,0.07,13.93,0.03,0.69,397.68
0.48,448.77,20.26,0.07,13.97,0.04,0.72,400.10
0.41,449.45,19.95,0.09,14.03,0.03,0.71,410.48
0.42,446.26,19.79,0.08,14.13,0.03,0.72,417.66
0.23,449.94,20.17,0.06,14.17,0.04,0.70,414.95
0.3,433.77,19.36,0.08,13.51,0.04,0.68,417.38
0.52,429.83,19.17,0.09,13.51,0.02,0.68,415.24
0.38,438.87,19.81,0.07,14.00,0.05,0.72,417.69
0.36,432.34,19.56,0.10,13.50,0.04,0.74,415.12
0.53,433.46,19.56,0.08,13.55,0.02,0.72,410.51
0.58,434.09,19.62,0.09,13.61,0.03,0.75,404.07
0.56,433.42,19.25,0.09,13.50,0.05,0.75,405.19
0.53,438.04,19.51,0.07,13.82,0.04,0.71,404.79
0.48,441.53,19.92,0.06,13.85,0.02,0.62,406.11
0.52,439.03,19.48,0.07,13.93,0.03,0.67,407.13
0.42,440.48,19.66,0.10,13.80,0.03,0.71,406.04
0.52,438.46,19.95,0.07,13.62,0.03,0.74,409.22
0.47,439.04,19.63,0.07,13.73,0.03,0.69,410.73
0.34,438.7,19.70,0.08,13.96,0.03,0.72,413.45
0.33,440.64,19.85,0.08,13.78,0.03,0.68,411.91
0.26,441.2,20.05,0.09,13.93,0.04,0.73,411.76
0.23,443.1,19.83,0.07,13.72,0.03,0.73,411.80
0.34,444.5,19.88,0.06,13.75,0.05,0.72,412.54
0.34,445.55,19.87,0.07,14.01,0.04,0.64,409.43
0.38,443.79,20.12,0.09,13.82,0.04,0.62,413.61
0.25,443.51,20.02,0.06,13.96,0.03,0.68,416.21
0.27,442.87,20.15,0.07,13.93,0.03,0.79,415.60
0.34,444.34,19.80,0.07,13.83,0.03,0.72,415.07
0.48,442.73,20.12,0.06,13.73,0.03,0.75,418.45
0.45,442.03,19.85,0.06,13.90,0.04,0.71,420.68
0.43,445.77,20.10,0.08,14.08,0.03,0.69,423.03
0.48,440.76,20.01,0.10,13.67,0.03,0.65,425.47
0.57,437.91,19.85,0.10,13.89,0.05,0.65,426.35
0.44,435.73,19.42,0.09,13.57,0.04,0.65,428.63
0.32,442.08,19.82,0.09,13.81,0.04,0.66,426.35
0.39,445.71,20.11,0.08,13.96,0.04,0.62,423.59
0.3,443.43,19.79,0.07,13.91,0.03,0.77,421.61
0.33,443.98,20.10,0.06,13.74,0.04,0.73,422.04
0.51,441.38,19.63,0.08,13.80,0.04,0.70,420.68
0.54,440.02,19.70,0.06,13.64,0.03,0.68,420.48
0.48,440.36,19.93,0.09,13.89,0.04,0.68,420.44
0.47,440.02,19.65,0.09,13.76,0.03,0.66,423.44
0.43,439.26,19.85,0.08,13.77,0.02,0.65,425.02
0.34,441.78,20.08,0.06,13.99,0.04,0.67,423.53
0.38,443.41,20.01,0.07,13.87,0.04,0.71,423.22
0.5,443.97,20.07,0.07,13.86,0.03,0.67,420.92
0.35,448.12,20.29,0.07,13.94,0.03,0.61,419.86
0.35,444.33,19.83,0.09,14.10,0.03,0.63,421.12
0.48,443.49,19.93,0.07,13.72,0.04,0.65,421.37
0.29,441.41,19.71,0.09,13.75,0.03,0.67,423.96
0.3,445.97,19.94,0.07,14.20,0.03,0.75,423.70
0.41,446.73,20.22,0.08,14.05,0.04,0.74,422.29
0.42,442.24,19.98,0.08,14.05,0.04,0.69,421.50
0.44,439.16,19.61,0.09,13.96,0.02,0.72,422.98
0.52,436.38,19.73,0.10,13.52,0.03,0.74,422.17
0.47,439.46,19.49,0.07,13.91,0.03,0.79,422.51
0.5,438.42,19.93,0.06,13.87,0.03,0.74,422.96
0.35,442.08,19.88,0.07,13.69,0.03,0.77,425.17
0.32,444.55,19.96,0.10,14.11,0.04,0.76,425.10
0.24,441.41,19.74,0.06,13.96,0.03,0.77,422.87
0.24,441.84,20.05,0.08,13.99,0.04,0.71,422.02
0.24,445.3,19.94,0.08,14.03,0.03,0.72,421.68
0.33,438.62,19.50,0.07,13.83,0.03,0.75,423.12
0.54,437.69,19.92,0.07,13.88,0.03,0.74,422.62
0.51,440.55,19.74,0.09,13.69,0.04,0.77,425.58
0.23,444.54,20.08,0.08,14.18,0.05,0.83,423.15
0.3,443.95,19.96,0.08,13.88,0.03,0.84,422.11
0.32,442.84,19.68,0.08,14.05,0.05,0.76,422.49
0.5,434.68,19.40,0.09,13.78,0.03,0.71,423.11
0.52,437.67,19.80,0.07,13.64,0.04,0.73,421.19
0.52,441.26,19.76,0.09,13.69,0.03,0.72,423.96
0.38,447.59,20.26,0.07,13.87,0.03,0.71,425.85
0.5,448.64,20.13,0.09,13.96,0.03,0.74,429.12
0.08,445.89,20.30,0.09,13.97,0.04,0.68,427.45
0.38,442.93,20.09,0.06,13.86,0.03,0.67,426.36
0.3,440.84,19.68,0.08,13.70,0.04,0.71,422.97
0.5,442.51,19.86,0.09,13.69,0.04,0.69,423.83
0.47,441.63,19.78,0.07,13.94,0.04,0.69,424.75
0.47,441.31,19.78,0.07,13.90,0.04,0.73,426.26
0.46,440.82,19.65,0.08,13.92,0.04,0.73,425.71
0.5,441.43,20.00,0.10,13.71,0.04,0.74,424.85
0.37,444.82,20.00,0.09,13.88,0.03,0.71,425.34
0.48,444.59,19.72,0.09,14.13,0.03,0.68,424.48
0.46,441.22,19.94,0.07,13.91,0.03,0.74,425.46
0.36,445.36,20.25,0.07,13.97,0.04,0.71,424.47
0.39,446.13,19.86,0.09,13.94,0.05,0.75,423.35
0.38,442.55,19.66,0.07,13.90,0.04,0.73,423.10
0.38,446.91,19.95,0.07,13.86,0.03,0.74,422.94
0.41,444.12,19.99,0.07,14.10,0.03,0.75,423.65
0.23,437.68,19.72,0.07,13.63,0.03,0.76,422.96
0.21,435.52,19.35,0.08,13.67,0.03,0.80,422.26
0.31,438.15,19.79,0.08,13.66,0.03,0.77,425.18
0.42,437.51,19.68,0.08,13.76,0.04,0.70,425.53
0.48,444.52,19.79,0.09,13.78,0.02,0.69,424.53
0.52,441.35,19.86,0.09,13.72,0.03,0.70,425.29
0.22,447.09,19.86,0.07,14.17,0.03,0.69,423.30
0.22,439.93,20.02,0.09,13.62,0.04,0.67,422.54
0.45,434.6,19.35,0.09,13.50,0.03,0.67,423.35
0.53,433.1,19.33,0.10,13.61,0.05,0.70,424.35
0.52,435.17,19.56,0.09,13.56,0.03,0.77,422.16
0.45,437.95,19.70,0.06,13.83,0.03,0.64,422.96
0.12,436.16,19.56,0.08,13.68,0.04,0.74,420.78
0.5,433.25,19.62,0.08,13.49,0.05,0.71,422.39
0.56,431.48,19.55,0.08,13.53,0.04,0.79,419.37
0.59,432.05,19.66,0.09,13.41,0.03,0.73,422.11
0.53,434.35,19.32,0.08,13.86,0.04,0.71,421.69
0.43,439.33,20.01,0.07,13.99,0.03,0.70,422.23
0.34,439.37,19.64,0.08,13.67,0.05,0.71,422.79
0.34,443.13,19.79,0.06,13.95,0.04,0.62,422.75
0.48,439.29,19.92,0.08,13.79,0.03,0.65,423.75
0.32,438.12,19.90,0.09,13.71,0.04,0.60,422.34
0.45,435.47,19.77,0.07,13.71,0.05,0.66,419.77
0.52,433.27,19.35,0.07,13.53,0.03,0.70,421.02
0.48,432.76,19.27,0.06,13.39,0.03,0.71,422.02
0.5,433.2,19.56,0.08,13.63,0.04,0.66,421.26
0.47,433.77,19.26,0.08,13.80,0.03,0.68,420.29
0.49,434.28,19.48,0.06,13.57,0.04,0.66,417.66
0.45,437.01,19.82,0.08,13.65,0.04,0.70,417.75
0.35,442.2,19.76,0.06,13.86,0.05,0.73,417.23
0.59,436.95,19.74,0.07,13.74,0.03,0.76,416.93
0.34,439.59,19.65,0.06,13.98,0.04,0.81,417.47
0.34,438.23,19.87,0.09,13.61,0.03,0.79,418.32
0.34,437.16,19.66,0.08,13.56,0.04,0.71,417.64
0.41,435.48,19.55,0.09,13.50,0.03,0.71,418.88
0.37,438.65,19.61,0.09,13.77,0.04,0.78,417.76
0.28,438.27,19.67,0.08,13.73,0.04,0.77,419.86
0.34,437.13,19.79,0.08,13.84,0.04,0.76,418.62
0.49,435.43,19.83,0.09,13.74,0.03,0.70,420.80
0.45,443.3,19.78,0.08,13.82,0.03,0.60,419.65
0.48,438.98,19.99,0.07,13.96,0.02,0.73,420.75
0.49,436.42,19.49,0.09,13.82,0.04,0.74,421.32
0.45,434.14,19.62,0.08,13.83,0.03,0.76,421.41
0.42,434.37,19.76,0.06,13.61,0.03,0.74,419.74
0.43,437.19,19.88,0.07,13.66,0.04,0.66,416.70
0.55,428.91,19.38,0.08,13.65,0.05,0.67,417.82
0.45,433.62,19.44,0.06,13.73,0.05,0.70,420.21
0.49,433.41,19.36,0.08,13.61,0.04,0.72,419.09
0.27,432.91,19.54,0.09,13.49,0.04,0.67,417.97
0.52,434.62,19.46,0.10,13.74,0.02,0.71,418.37
0.49,430.53,19.40,0.08,13.55,0.04,0.72,418.31
0.57,432.39,19.61,0.07,13.57,0.05,0.69,416.29
0.58,433.02,19.29,0.09,13.60,0.03,0.68,413.51
0.59,428.26,19.11,0.07,13.34,0.03,0.68,415.88
0.57,425.79,19.17,0.09,13.28,0.04,0.69,414.82
0.56,422.03,18.81,0.06,13.46,0.03,0.63,415.38
0.59,420.91,19.18,0.08,13.11,0.03,0.63,413.49
0.58,428.53,19.22,0.07,13.48,0.04,0.70,412.11
0.59,423.53,18.99,0.06,13.45,0.03,0.65,414.22
0.56,416.02,18.66,0.07,13.12,0.03,0.67,415.99
0.52,423.11,19.15,0.08,13.30,0.04,0.66,413.63
0.57,425.75,19.10,0.07,13.49,0.03,0.69,414.36
0.48,430.95,19.45,0.09,13.74,0.03,0.67,414.91
0.32,429.18,19.29,0.06,13.40,0.03,0.68,415.65
0.24,422.93,19.09,0.08,13.11,0.04,0.69,418.79
0.4,423.66,18.86,0.06,13.48,0.03,0.71,411.66
0.45,419.61,18.76,0.06,13.33,0.02,0.71,408.71
0.55,403.26,18.33,0.06,12.60,0.02,0.69,408.27
0.57,383.95,17.40,0.07,12.33,0.04,0.67,401.46
0.59,376.1,16.70,0.08,12.06,0.03,0.62,405.61
0.62,393.45,17.76,0.09,12.64,0.02,0.64,408.57
0.65,400.91,17.91,0.06,12.51,0.03,0.59,409.10
0.52,413.21,18.54,0.08,13.02,0.03,0.61,411.12
0.5,419.62,18.70,0.07,13.15,0.04,0.60,408.53
0.59,420.01,19.08,0.07,13.24,0.04,0.65,406.43
0.56,404.46,18.06,0.07,12.78,0.02,0.59,401.51
0.52,369.64,16.62,0.09,11.74,0.02,0.68,393.51
0.55,350.7,15.98,0.07,11.17,0.03,0.60,399.62
0.59,347.91,15.72,0.06,10.87,0.02,0.64,400.04
0.59,347.63,15.62,0.08,11.12,0.04,0.69,406.16
0.63,355.13,15.79,0.07,11.36,0.02,0.67,403.60
0.69,354.95,15.85,0.08,11.25,0.02,0.62,402.30
0.66,372.98,16.72,0.08,11.73,0.03,0.63,398.91
0.68,375.59,16.87,0.07,11.81,0.04,0.63,398.43
0.68,373.16,16.64,0.08,12.02,0.02,0.61,399.25
0.67,371.4,16.87,0.08,11.92,0.02,0.61,400.31
0.63,364.27,16.41,0.08,11.74,0.03,0.57,402.45
0.61,358.48,15.99,0.05,11.30,0.03,0.55,403.95
0.62,370.07,16.37,0.06,11.66,0.03,0.58,404.82
0.58,366.63,16.35,0.07,11.58,0.02,0.56,408.10
0.55,372.88,16.63,0.05,11.74,0.03,0.53,394.89
0.45,391.95,17.79,0.06,12.58,0.03,0.48,383.38
0.37,410.02,18.22,0.09,12.82,0.02,0.55,380.22
0.28,397.05,17.82,0.08,12.47,0.04,0.55,375.27
0.56,325.91,14.43,0.08,10.29,0.03,0.56,376.65
0.59,325.75,14.85,0.05,10.21,0.02,0.60,388.02
0.55,329.11,14.59,0.06,10.28,0.01,0.63,389.52
0.59,336.72,15.26,0.04,10.78,0.03,0.54,395.38
0.46,353.33,15.96,0.06,11.42,0.03,0.54,406.28
0.34,378.95,17.29,0.09,12.00,0.03,0.53,408.63
0.6,349.99,15.93,0.07,11.34,0.04,0.54,397.78
0.62,333.21,15.20,0.05,10.58,0.04,0.61,379.36
0.63,329.52,14.82,0.07,10.40,0.04,0.59,392.14
0.61,331.51,14.76,0.07,10.39,0.02,0.59,389.93
0.57,334.89,15.06,0.04,10.71,0.03,0.60,384.23
0.54,340.01,15.40,0.08,11.00,0.04,0.58,385.21
0.48,343.85,15.26,0.06,10.90,0.03,0.58,387.81
0.41,349.34,15.84,0.08,11.10,0.04,0.61,375.34
0.38,352.44,16.07,0.05,11.05,0.02,0.56,373.89
0.37,370.38,16.58,0.07,11.82,0.02,0.54,379.75
0.27,389.23,17.56,0.08,12.43,0.02,0.58,375.07
0.3,381.94,17.30,0.07,12.07,0.03,0.57,372.00
0.2,387.59,17.39,0.05,12.24,0.04,0.58,371.04
0.19,386.07,17.24,0.07,12.21,0.02,0.52,365.73
0.34,376.57,17.07,0.05,11.71,0.04,0.50,365.17
0.41,375.45,16.92,0.06,11.77,0.02,0.58,366.32
0.45,359.8,16.24,0.09,11.21,0.02,0.59,373.96
0.45,379.23,17.19,0.06,12.02,0.03,0.57,376.96
0.42,375.99,16.86,0.05,12.08,0.03,0.53,367.02
0.42,354.04,16.05,0.05,11.27,0.02,0.49,357.33
0.62,319.57,14.35,0.05,10.31,0.02,0.50,347.27
0.57,299.86,13.51,0.04,9.67,0.03,0.58,343.30
0.5,315.54,14.21,0.05,10.15,0.03,0.56,348.46
0.49,325.99,14.86,0.06,10.34,0.03,0.56,350.90
0.52,323.16,14.58,0.06,10.51,0.02,0.59,364.26
0.55,330.91,14.64,0.08,10.76,0.03,0.55,358.11
0.52,332.23,14.70,0.08,10.63,0.02,0.51,347.55
0.55,320.81,14.33,0.05,10.29,0.01,0.59,329.92
0.56,311.66,14.17,0.06,10.16,0.02,0.60,329.13
0.55,313.89,13.91,0.07,9.83,0.02,0.59,344.98
0.52,321.29,14.70,0.08,10.22,0.02,0.55,347.78
0.5,332.78,15.05,0.04,10.48,0.02,0.53,340.09
0.5,331.84,14.93,0.04,10.65,0.02,0.57,343.08
0.53,317.3,14.48,0.05,9.99,0.03,0.56,338.43
